check,status,mode,confidence,confidence_label,selected_modules,answer,context_count
business_brain_finance_principles,200,symbolic,0.41890618293171955,low,"business_brain, cs_brain","Use the retrieved mathematical context below to reason step-by-step. Validate each algebraic transformation before concluding.

Context:
[0.625] C:\Users\dunnm\Downloads\Master Brain\Business Brain\Accounting and General Business\operations-management-12ed-jay-heizer-pdfdrive-.pdf (page 338)
4 ) Build-to-order (BTO) (p. 285 ) Postponement (p. 285 ) Crossover chart (p. 286 ) Flexibility (p. 288 ) Flowchart (p. 289 ) Time-function mapping (or process mapping) (p. 289 ) Process charts (p. 289 ) Value-stream mapping (VSM) (p. 290 ) Service blueprinting (p. 292 ) Computer numerical control (CNC) (p. 295 ) Additive manufacturing (3D Printing) (p. 295 ) Automatic identification system (AIS) (p. 295 ) Radio frequency identification (RFID) (p. 295 ) Process control (p. 295 ) Vision systems (p. 296 ) Robot (p. 296 ) Automated storage and retrieval system (ASRS) (p. 296 ) Automated guided vehicle (AGV) (p. 296 ) Flexible manufacturing system (FMS) (p. 297 ) Computer-integrated manufacturing (CIM) (p. 297 ) Process redesign (p. 298 ) M09_HEIZ0422_12_SE_C07.indd 299M09_HEIZ0422_12_SE_C07.indd 299 20/11/15 4:35 PM20/11/15 4:35 PM

[0.592] C:\Users\dunnm\Downloads\Master Brain\Business Brain\Accounting and General Business\operations-management-12ed-jay-heizer-pdfdrive-.pdf (page 901)
79 Product manager, 169 – 170 Product strategy options support competitive advantage, 163 – 164 Product-by-value analysis, 165 Product-focused facilities, 605 Production d e fi ned, 4 doubling along learning curve, 777 transition from design to, 184 varying capacity, 536 Production order quantity model, 502 – 504 Production technology, 294 – 298 automated guided vehicles (AGV), 296 automated storage and retrieval system (ASRS), 296 automatic identifi cation system (AIS), 295 computer-integrated manufacturing (CIM), 297 – 298 fl exible manufacturing system (FMS), 297 machine technology, 294 – 295 process control, 295 – 296 radio frequency identifi cation (RFID), 295 robots, 296 vision systems, 296 Production-mix example, LP and, 710 – 711 Production/operations, OM and, 4 Productivity d e fi ned, 13 multifactor, 14 – 15 single-factor, 14 Productivity, Starbucks Coff ee and, 14 Productivity challenge and OM, 13 d e fi ned, 13 measurement of, 14 – 15 service sector and, 17 – 18 variables, 15 – 17 Productivity variables, 15 – 17 Product-oriented layout, 371 , 386 – 391 , 387 assembly line balancing and, 387 – 391 Profi t, sustainability and, 197 Program evaluation and review technique (

[0.545] C:\Users\dunnm\Downloads\Master Brain\Computer Science Brain\Python-for-Data-Analysis.pdf (page 224)
With DataFrame objects, there are different ways to remove missing data. Y ou may want to drop rows or columns that are all NA, or only those rows or columns containing any NAs at all. dropna by default drops any row containing a missing value: In [26]: data = pd.DataFrame([[1., 6.5, 3.], [1., np.nan, np.nan], ....: [np.nan, np.nan, np.nan], [np.nan, 6.5, 3.]]) In [27]: data Out[27]: 0 1 2 0 1.0 6.5 3.0 1 1.0 NaN NaN 2 NaN NaN NaN 3 NaN 6.5 3.0 In [28]: data.dropna() Out[28]: 0 1 2 0 1.0 6.5 3.0 Passing how=""all"" will drop only rows that are all NA: In [29]: data.dropna(how=""all"") Out[29]: 0 1 2 0 1.0 6.5 3.0 1 1.0 NaN NaN 3 NaN 6.5 3.0 Keep in mind that these functions return new objects by default and do not modify the contents of the original object. To drop columns in the same way, pass axis=""columns"": In [30]: data[4] = np.nan In [31]: data Out[31]: 0 1 2 4 0 1.0 6.5 3.0 NaN 1 1.0 NaN NaN NaN 2 NaN NaN NaN NaN 3 NaN 6.5 3.0 NaN In [32]: data.dropna(axis=""columns"", how=""all"") Out[32]: 0 1 2 0 1.0 6.5 3.0 1 1.0 NaN NaN 2 NaN NaN NaN 3 NaN 6.5 3.0 206 | Chapter 7: Data Cleaning and Preparation

Symbolic engine: Could not parse symbolic intent. Try: solve x^2-4=0 for x, simplify ..., diff ..., integrate ...",8
math_brain_reliability_check,200,explanation,0.5605144257156303,medium,"business_brain, cs_brain","Explain clearly and accurately using this context:

[0.687] C:\Users\dunnm\Downloads\Master Brain\Business Brain\Accounting and General Business\operations-management-12ed-jay-heizer-pdfdrive-.pdf (page 702)
m or machine has 100 interacting parts, each with an individual reliability of 99.5%, the overall reliability will be only about 60%! To measure reliability in a system in which each component may have its own unique reliabil- ity, we cannot use the reliability curve in Figure 17.2 . However, the method of computing system reliability ( R s ) is simple. It consists of finding the product of individual reliabilities as follows: Rs = R1 * R2 * R3 * c * Rn (17-1) where R 1 5 reliability of component 1 R 2 5 reliability of component 2 and so on. Equation (17-1) assumes that the reliability of an individual component does not depend on the reliability of other components (that is, each component is independent ). In addition, in this equation, as in most reliability discussions, reliabilities are presented as probabilities . Thus, a .90 reliability means that the unit will perform as intended 90% of the time. It also means that Average reliability of each component (percent) 100 98 97 96 0 20 40 60 80 100Reliability of the system (percent) 99 n = 300 n = 400 n = 100 n = 50 n = 10 n = 1 n = 200 Figure 17.2 Overall System Reliability as a Function of Number of n Components (Each with the

[0.625] C:\Users\dunnm\Downloads\Master Brain\Business Brain\Accounting and General Business\operations-management-12ed-jay-heizer-pdfdrive-.pdf (page 338)
4 ) Build-to-order (BTO) (p. 285 ) Postponement (p. 285 ) Crossover chart (p. 286 ) Flexibility (p. 288 ) Flowchart (p. 289 ) Time-function mapping (or process mapping) (p. 289 ) Process charts (p. 289 ) Value-stream mapping (VSM) (p. 290 ) Service blueprinting (p. 292 ) Computer numerical control (CNC) (p. 295 ) Additive manufacturing (3D Printing) (p. 295 ) Automatic identification system (AIS) (p. 295 ) Radio frequency identification (RFID) (p. 295 ) Process control (p. 295 ) Vision systems (p. 296 ) Robot (p. 296 ) Automated storage and retrieval system (ASRS) (p. 296 ) Automated guided vehicle (AGV) (p. 296 ) Flexible manufacturing system (FMS) (p. 297 ) Computer-integrated manufacturing (CIM) (p. 297 ) Process redesign (p. 298 ) M09_HEIZ0422_12_SE_C07.indd 299M09_HEIZ0422_12_SE_C07.indd 299 20/11/15 4:35 PM20/11/15 4:35 PM

[0.584] C:\Users\dunnm\Downloads\Master Brain\Business Brain\Accounting and General Business\operations-management-12ed-jay-heizer-pdfdrive-.pdf (page 901)
79 Product manager, 169 – 170 Product strategy options support competitive advantage, 163 – 164 Product-by-value analysis, 165 Product-focused facilities, 605 Production d e fi ned, 4 doubling along learning curve, 777 transition from design to, 184 varying capacity, 536 Production order quantity model, 502 – 504 Production technology, 294 – 298 automated guided vehicles (AGV), 296 automated storage and retrieval system (ASRS), 296 automatic identifi cation system (AIS), 295 computer-integrated manufacturing (CIM), 297 – 298 fl exible manufacturing system (FMS), 297 machine technology, 294 – 295 process control, 295 – 296 radio frequency identifi cation (RFID), 295 robots, 296 vision systems, 296 Production-mix example, LP and, 710 – 711 Production/operations, OM and, 4 Productivity d e fi ned, 13 multifactor, 14 – 15 single-factor, 14 Productivity, Starbucks Coff ee and, 14 Productivity challenge and OM, 13 d e fi ned, 13 measurement of, 14 – 15 service sector and, 17 – 18 variables, 15 – 17 Productivity variables, 15 – 17 Product-oriented layout, 371 , 386 – 391 , 387 assembly line balancing and, 387 – 391 Profi t, sustainability and, 197 Program evaluation and review technique (",8
business_brain_accuracy_optimization,200,explanation,0.5310844418032054,medium,"business_brain, cs_brain","Explain clearly and accurately using this context:

[0.624] C:\Users\dunnm\Downloads\Master Brain\Business Brain\Accounting and General Business\operations-management-12ed-jay-heizer-pdfdrive-.pdf (page 338)
4 ) Build-to-order (BTO) (p. 285 ) Postponement (p. 285 ) Crossover chart (p. 286 ) Flexibility (p. 288 ) Flowchart (p. 289 ) Time-function mapping (or process mapping) (p. 289 ) Process charts (p. 289 ) Value-stream mapping (VSM) (p. 290 ) Service blueprinting (p. 292 ) Computer numerical control (CNC) (p. 295 ) Additive manufacturing (3D Printing) (p. 295 ) Automatic identification system (AIS) (p. 295 ) Radio frequency identification (RFID) (p. 295 ) Process control (p. 295 ) Vision systems (p. 296 ) Robot (p. 296 ) Automated storage and retrieval system (ASRS) (p. 296 ) Automated guided vehicle (AGV) (p. 296 ) Flexible manufacturing system (FMS) (p. 297 ) Computer-integrated manufacturing (CIM) (p. 297 ) Process redesign (p. 298 ) M09_HEIZ0422_12_SE_C07.indd 299M09_HEIZ0422_12_SE_C07.indd 299 20/11/15 4:35 PM20/11/15 4:35 PM

[0.595] C:\Users\dunnm\Downloads\Master Brain\Business Brain\Accounting and General Business\operations-management-12ed-jay-heizer-pdfdrive-.pdf (page 901)
79 Product manager, 169 – 170 Product strategy options support competitive advantage, 163 – 164 Product-by-value analysis, 165 Product-focused facilities, 605 Production d e fi ned, 4 doubling along learning curve, 777 transition from design to, 184 varying capacity, 536 Production order quantity model, 502 – 504 Production technology, 294 – 298 automated guided vehicles (AGV), 296 automated storage and retrieval system (ASRS), 296 automatic identifi cation system (AIS), 295 computer-integrated manufacturing (CIM), 297 – 298 fl exible manufacturing system (FMS), 297 machine technology, 294 – 295 process control, 295 – 296 radio frequency identifi cation (RFID), 295 robots, 296 vision systems, 296 Production-mix example, LP and, 710 – 711 Production/operations, OM and, 4 Productivity d e fi ned, 13 multifactor, 14 – 15 single-factor, 14 Productivity, Starbucks Coff ee and, 14 Productivity challenge and OM, 13 d e fi ned, 13 measurement of, 14 – 15 service sector and, 17 – 18 variables, 15 – 17 Productivity variables, 15 – 17 Product-oriented layout, 371 , 386 – 391 , 387 assembly line balancing and, 387 – 391 Profi t, sustainability and, 197 Program evaluation and review technique (

[0.593] C:\Users\dunnm\Downloads\Master Brain\Business Brain\Accounting and General Business\financial_analysis_fundamentals.pdf (page 76)
corporatefinanceinstitute.com Financial metrics Return on equity Financial Analysis Module 1 – Analyzing the income statement Financial Analysis Module 3 – Funding the business",8
