time,mark,price,price_next,signal,desired_pos,position,turnover,cost,gross_ret,strategy_ret,equity,event
2024-02-02,open,43075.3,43185.9,0.0,0.0,0.0,0.0,0.0,0.0,0.0,1.0,
2024-02-03,open,43185.9,42982.8,0.0,0.0,0.0,0.0,0.0,0.0,0.0,1.0,
2024-02-04,open,42982.8,42591.3,0.0,0.0,0.0,0.0,0.0,0.0,0.0,1.0,
2024-02-05,open,42591.3,42650.0,0.0,0.0,0.0,0.0,0.0,0.0,0.0,1.0,
2024-02-06,open,42650.0,43085.0,0.0,0.0,0.0,0.0,0.0,0.0,0.0,1.0,
2024-02-07,open,43085.0,44333.7,0.0,0.0,0.0,0.0,0.0,0.0,0.0,1.0,
2024-02-08,open,44333.7,45329.6,0.0,0.0,0.0,0.0,0.0,0.0,0.0,1.0,
2024-02-09,open,45329.6,47127.1,0.0,0.0,0.0,0.0,0.0,0.0,0.0,1.0,
2024-02-10,open,47127.1,47766.2,0.0,0.0,0.0,0.0,0.0,0.0,0.0,1.0,
2024-02-11,open,47766.2,48295.0,0.0,0.0,0.0,0.0,0.0,0.0,0.0,1.0,
2024-02-12,open,48295.0,49943.7,0.0,0.0,0.0,0.0,0.0,0.0,0.0,1.0,
2024-02-13,open,49943.7,49750.1,0.0,0.0,0.0,0.0,0.0,0.0,0.0,1.0,
2024-02-14,open,49750.1,51835.2,0.0,0.0,0.0,0.0,0.0,0.0,0.0,1.0,
2024-02-15,open,51835.2,51947.1,0.0,0.0,0.0,0.0,0.0,0.0,0.0,1.0,
2024-02-16,open,51947.1,52185.3,0.0,0.0,0.0,0.0,0.0,0.0,0.0,1.0,
2024-02-17,open,52185.3,51700.1,0.0,0.0,0.0,0.0,0.0,0.0,0.0,1.0,
2024-02-18,open,51700.1,52157.1,0.0,0.0,0.0,0.0,0.0,0.0,0.0,1.0,
2024-02-19,open,52157.1,51771.2,0.0,0.0,0.0,0.0,0.0,0.0,0.0,1.0,
2024-02-20,open,51771.2,52270.1,0.0,0.0,0.0,0.0,0.0,0.0,0.0,1.0,
2024-02-21,open,52270.1,51866.9,0.0,0.0,0.0,0.0,0.0,0.0,0.0,1.0,
2024-02-22,open,51866.9,51300.1,0.0,0.0,0.0,0.0,0.0,0.0,0.0,1.0,
2024-02-23,open,51300.1,50739.4,0.0,0.0,0.0,0.0,0.0,0.0,0.0,1.0,
2024-02-24,open,50739.4,51554.5,0.0,0.0,0.0,0.0,0.0,0.0,0.0,1.0,
2024-02-25,open,51554.5,51733.8,0.0,0.0,0.0,0.0,0.0,0.0,0.0,1.0,
2024-02-26,open,51733.8,54525.4,0.0,0.0,0.0,0.0,0.0,0.0,0.0,1.0,
2024-02-27,open,54525.4,57066.2,0.0,0.0,0.0,0.0,0.0,0.0,0.0,1.0,
2024-02-28,open,57066.2,62489.8,0.0,0.0,0.0,0.0,0.0,0.0,0.0,1.0,
2024-02-29,open,62489.8,61180.9,0.0,0.0,0.0,0.0,0.0,0.0,0.0,1.0,
2024-03-01,open,61180.9,62434.3,0.0,0.0,0.0,0.0,0.0,0.0,0.0,1.0,
2024-03-02,open,62434.3,62028.6,0.0,0.0,0.0,0.0,0.0,0.0,0.0,1.0,
2024-03-03,open,62028.6,63178.3,0.0,0.0,0.0,0.0,0.0,0.0,0.0,1.0,
2024-03-04,open,63178.3,68338.6,0.0,0.0,0.0,0.0,0.0,0.0,0.0,1.0,
2024-03-05,open,68338.6,63805.2,0.0,0.0,0.0,0.0,0.0,0.0,0.0,1.0,
2024-03-06,open,63805.2,66098.9,0.0,0.0,0.0,0.0,0.0,0.0,0.0,1.0,
2024-03-07,open,66098.9,66936.7,0.0,0.0,0.0,0.0,0.0,0.0,0.0,1.0,
2024-03-08,open,66936.7,68333.0,0.0,0.0,0.0,0.0,0.0,0.0,0.0,1.0,
2024-03-09,open,68333.0,68459.1,0.0,0.0,0.0,0.0,0.0,0.0,0.0,1.0,
2024-03-10,open,68459.1,69040.1,0.0,0.0,0.0,0.0,0.0,0.0,0.0,1.0,
2024-03-11,open,69040.1,72100.1,0.0,0.0,0.0,0.0,0.0,0.0,0.0,1.0,
2024-03-12,open,72100.1,71480.8,0.0,0.0,0.0,0.0,0.0,0.0,0.0,1.0,
2024-03-13,open,71480.8,73089.7,0.0,0.0,0.0,0.0,0.0,0.0,0.0,1.0,
2024-03-14,open,73089.7,71371.3,0.0,0.0,0.0,0.0,0.0,0.0,0.0,1.0,
2024-03-15,open,71371.3,69488.9,0.0,0.0,0.0,0.0,0.0,0.0,0.0,1.0,
2024-03-16,open,69488.9,65249.6,0.0,0.0,0.0,0.0,0.0,0.0,0.0,1.0,
2024-03-17,open,65249.6,68355.6,0.0,0.0,0.0,0.0,0.0,0.0,0.0,1.0,
2024-03-18,open,68355.6,67600.0,0.0,0.0,0.0,0.0,0.0,0.0,0.0,1.0,
2024-03-19,open,67600.0,61905.3,0.0,0.0,0.0,0.0,0.0,0.0,0.0,1.0,
2024-03-20,open,61905.3,67866.1,0.0,0.0,0.0,0.0,0.0,0.0,0.0,1.0,
2024-03-21,open,67866.1,65500.0,0.0,0.0,0.0,0.0,0.0,0.0,0.0,1.0,
2024-03-22,open,65500.0,63810.0,0.0,0.0,0.0,0.0,0.0,0.0,0.0,1.0,
2024-03-23,open,63810.0,64034.4,0.0,0.0,0.0,0.0,0.0,0.0,0.0,1.0,
2024-03-24,open,64034.4,67199.1,0.0,0.0,0.0,0.0,0.0,0.0,0.0,1.0,
2024-03-25,open,67199.1,69950.1,0.0,0.0,0.0,0.0,0.0,0.0,0.0,1.0,
2024-03-26,open,69950.1,70000.1,0.0,0.0,0.0,0.0,0.0,0.0,0.0,1.0,
2024-03-27,open,70000.1,69437.2,0.0,0.0,0.0,0.0,0.0,0.0,0.0,1.0,
2024-03-28,open,69437.2,70742.2,0.0,0.0,0.0,0.0,0.0,0.0,0.0,1.0,
2024-03-29,open,70742.2,69917.0,0.0,0.0,0.0,0.0,0.0,0.0,0.0,1.0,
2024-03-30,open,69917.0,69652.0,0.0,0.0,0.0,0.0,0.0,0.0,0.0,1.0,
2024-03-31,open,69652.0,71306.7,0.0,0.0,0.0,0.0,0.0,0.0,0.0,1.0,
2024-04-01,open,71306.7,69681.1,0.0,0.0,0.0,0.0,0.0,0.0,0.0,1.0,
2024-04-02,open,69681.1,65457.6,0.0,0.0,0.0,0.0,0.0,0.0,0.0,1.0,
2024-04-03,open,65457.6,65991.4,0.0,0.0,0.0,0.0,0.0,0.0,0.0,1.0,
2024-04-04,open,65991.4,68527.4,0.0,0.0,0.0,0.0,0.0,0.0,0.0,1.0,
2024-04-05,open,68527.4,67856.5,0.0,0.0,0.0,0.0,0.0,0.0,0.0,1.0,
2024-04-06,open,67856.5,68908.6,0.0,0.0,0.0,0.0,0.0,0.0,0.0,1.0,
2024-04-07,open,68908.6,69386.0,0.0,0.0,0.0,0.0,0.0,0.0,0.0,1.0,
2024-04-08,open,69386.0,71650.1,0.0,0.0,0.0,0.0,0.0,0.0,0.0,1.0,
2024-04-09,open,71650.1,69159.9,0.0,0.0,0.0,0.0,0.0,0.0,0.0,1.0,
2024-04-10,open,69159.9,70612.3,0.0,0.0,0.0,0.0,0.0,0.0,0.0,1.0,
2024-04-11,open,70612.3,70046.4,0.0,0.0,0.0,0.0,0.0,0.0,0.0,1.0,
2024-04-12,open,70046.4,67199.8,0.0,0.0,0.0,0.0,0.0,0.0,0.0,1.0,
2024-04-13,open,67199.8,64018.6,0.0,0.0,0.0,0.0,0.0,0.0,0.0,1.0,
2024-04-14,open,64018.6,65700.0,0.0,0.0,0.0,0.0,0.0,0.0,0.0,1.0,
2024-04-15,open,65700.0,63441.8,0.0,0.0,0.0,0.0,0.0,0.0,0.0,1.0,
2024-04-16,open,63441.8,63832.6,0.0,0.0,0.0,0.0,0.0,0.0,0.0,1.0,
2024-04-17,open,63832.6,61284.4,0.0,0.0,0.0,0.0,0.0,0.0,0.0,1.0,
2024-04-18,open,61284.4,63499.5,0.0,0.0,0.0,0.0,0.0,0.0,0.0,1.0,
2024-04-19,open,63499.5,63846.0,0.0,0.0,0.0,0.0,0.0,0.0,0.0,1.0,
2024-04-20,open,63846.0,64993.8,0.0,0.0,0.0,0.0,0.0,0.0,0.0,1.0,
2024-04-21,open,64993.8,64953.0,0.0,0.0,0.0,0.0,0.0,0.0,0.0,1.0,
2024-04-22,open,64953.0,66831.4,0.0,0.0,0.0,0.0,0.0,0.0,0.0,1.0,
2024-04-23,open,66831.4,66419.8,0.0,0.0,0.0,0.0,0.0,0.0,0.0,1.0,
2024-04-24,open,66419.8,64291.3,0.0,0.0,0.0,0.0,0.0,0.0,0.0,1.0,
2024-04-25,open,64291.3,64489.1,0.0,0.0,0.0,0.0,0.0,0.0,0.0,1.0,
2024-04-26,open,64489.1,63750.8,0.0,0.0,0.0,0.0,0.0,0.0,0.0,1.0,
2024-04-27,open,63750.8,63425.1,0.0,0.0,0.0,0.0,0.0,0.0,0.0,1.0,
2024-04-28,open,63425.1,63114.1,0.0,0.0,0.0,0.0,0.0,0.0,0.0,1.0,
2024-04-29,open,63114.1,63822.1,0.0,0.0,0.0,0.0,0.0,0.0,0.0,1.0,
2024-04-30,open,63822.1,60610.0,0.0,0.0,0.0,0.0,0.0,0.0,0.0,1.0,
2024-05-01,open,60610.0,58272.3,0.0,0.0,0.0,0.0,0.0,0.0,0.0,1.0,
2024-05-02,open,58272.3,59113.2,0.0,0.0,0.0,0.0,0.0,0.0,0.0,1.0,
2024-05-03,open,59113.2,62925.8,0.0,0.0,0.0,0.0,0.0,0.0,0.0,1.0,
2024-05-04,open,62925.8,63898.0,0.0,0.0,0.0,0.0,0.0,0.0,0.0,1.0,
2024-05-05,open,63898.0,64067.5,0.0,0.0,0.0,0.0,0.0,0.0,0.0,1.0,
2024-05-06,open,64067.5,63161.7,0.0,0.0,0.0,0.0,0.0,0.0,0.0,1.0,
2024-05-07,open,63161.7,62325.0,0.0,0.0,0.0,0.0,0.0,0.0,0.0,1.0,
2024-05-08,open,62325.0,61172.1,0.0,0.0,0.0,0.0,0.0,0.0,0.0,1.0,
2024-05-09,open,61172.1,63052.0,0.0,0.0,0.0,0.0,0.0,0.0,0.0,1.0,
2024-05-10,open,63052.0,60790.8,0.0,0.0,0.0,0.0,0.0,0.0,0.0,1.0,
2024-05-11,open,60790.8,60805.0,0.0,0.0,0.0,0.0,0.0,0.0,0.0,1.0,
2024-05-12,open,60805.0,61444.6,0.0,0.0,0.0,0.0,0.0,0.0,0.0,1.0,
2024-05-13,open,61444.6,62910.0,0.0,0.0,0.0,0.0,0.0,0.0,0.0,1.0,
2024-05-14,open,62910.0,61568.6,0.0,0.0,0.0,0.0,0.0,0.0,0.0,1.0,
2024-05-15,open,61568.6,66233.1,0.0,0.0,0.0,0.0,0.0,0.0,0.0,1.0,
2024-05-16,open,66233.1,65228.4,0.0,0.0,0.0,0.0,0.0,0.0,0.0,1.0,
2024-05-17,open,65228.4,67043.6,0.0,0.0,0.0,0.0,0.0,0.0,0.0,1.0,
2024-05-18,open,67043.6,66920.1,0.0,0.0,0.0,0.0,0.0,0.0,0.0,1.0,
2024-05-19,open,66920.1,66262.5,0.0,0.0,0.0,0.0,0.0,0.0,0.0,1.0,
2024-05-20,open,66262.5,71399.0,0.0,0.0,0.0,0.0,0.0,0.0,0.0,1.0,
2024-05-21,open,71399.0,70145.1,0.0,0.0,0.0,0.0,0.0,0.0,0.0,1.0,
2024-05-22,open,70145.1,69144.1,0.0,0.0,0.0,0.0,0.0,0.0,0.0,1.0,
2024-05-23,open,69144.1,67947.0,0.0,0.0,0.0,0.0,0.0,0.0,0.0,1.0,
2024-05-24,open,67947.0,68541.0,0.0,0.0,0.0,0.0,0.0,0.0,0.0,1.0,
2024-05-25,open,68541.0,69278.7,0.0,0.0,0.0,0.0,0.0,0.0,0.0,1.0,
2024-05-26,open,69278.7,68474.4,0.0,0.0,0.0,0.0,0.0,0.0,0.0,1.0,
2024-05-27,open,68474.4,69377.8,0.0,0.0,0.0,0.0,0.0,0.0,0.0,1.0,
2024-05-28,open,69377.8,68325.0,0.0,0.0,0.0,0.0,0.0,0.0,0.0,1.0,
2024-05-29,open,68325.0,67575.4,0.0,0.0,0.0,0.0,0.0,0.0,0.0,1.0,
2024-05-30,open,67575.4,68365.0,0.0,0.0,0.0,0.0,0.0,0.0,0.0,1.0,
2024-05-31,open,68365.0,67498.1,0.0,0.0,0.0,0.0,0.0,0.0,0.0,1.0,
2024-06-01,open,67498.1,67717.2,0.0,0.0,0.0,0.0,0.0,0.0,0.0,1.0,
2024-06-02,open,67717.2,67729.2,0.0,0.0,0.0,0.0,0.0,0.0,0.0,1.0,
2024-06-03,open,67729.2,68800.0,0.0,0.0,0.0,0.0,0.0,0.0,0.0,1.0,
2024-06-04,open,68800.0,70558.7,0.0,0.0,0.0,0.0,0.0,0.0,0.0,1.0,
2024-06-05,open,70558.7,71116.3,0.0,0.0,0.0,0.0,0.0,0.0,0.0,1.0,
2024-06-06,open,71116.3,70752.1,0.0,0.0,0.0,0.0,0.0,0.0,0.0,1.0,
2024-06-07,open,70752.1,69317.1,0.0,0.0,0.0,0.0,0.0,0.0,0.0,1.0,
2024-06-08,open,69317.1,69291.5,0.0,0.0,0.0,0.0,0.0,0.0,0.0,1.0,
2024-06-09,open,69291.5,69649.9,0.0,0.0,0.0,0.0,0.0,0.0,0.0,1.0,
2024-06-10,open,69649.9,69522.2,0.0,0.0,0.0,0.0,0.0,0.0,0.0,1.0,
2024-06-11,open,69522.2,67348.6,0.0,0.0,0.0,0.0,0.0,0.0,0.0,1.0,
2024-06-12,open,67348.6,68233.7,0.0,0.0,0.0,0.0,0.0,0.0,0.0,1.0,
2024-06-13,open,68233.7,66756.4,0.0,0.0,0.0,0.0,0.0,0.0,0.0,1.0,
2024-06-14,open,66756.4,65992.1,0.0,0.0,0.0,0.0,0.0,0.0,0.0,1.0,
2024-06-15,open,65992.1,66198.1,0.0,0.0,0.0,0.0,0.0,0.0,0.0,1.0,
2024-06-16,open,66198.1,66630.0,0.0,0.0,0.0,0.0,0.0,0.0,0.0,1.0,
2024-06-17,open,66630.0,66487.7,0.0,0.0,0.0,0.0,0.0,0.0,0.0,1.0,
2024-06-18,open,66487.7,65169.7,0.0,0.0,0.0,0.0,0.0,0.0,0.0,1.0,
2024-06-19,open,65169.7,64949.1,0.0,0.0,0.0,0.0,0.0,0.0,0.0,1.0,
2024-06-20,open,64949.1,64833.3,0.0,0.0,0.0,0.0,0.0,0.0,0.0,1.0,
2024-06-21,open,64833.3,64088.0,0.0,0.0,0.0,0.0,0.0,0.0,0.0,1.0,
2024-06-22,open,64088.0,64253.0,0.0,0.0,0.0,0.0,0.0,0.0,0.0,1.0,
2024-06-23,open,64253.0,63176.1,0.0,0.0,0.0,0.0,0.0,0.0,0.0,1.0,
2024-06-24,open,63176.1,60297.1,0.0,0.0,0.0,0.0,0.0,0.0,0.0,1.0,
2024-06-25,open,60297.1,61794.1,0.0,0.0,0.0,0.0,0.0,0.0,0.0,1.0,
2024-06-26,open,61794.1,60815.2,0.0,0.0,0.0,0.0,0.0,0.0,0.0,1.0,
2024-06-27,open,60815.2,61617.1,0.0,0.0,0.0,0.0,0.0,0.0,0.0,1.0,
2024-06-28,open,61617.1,60319.6,0.0,0.0,0.0,0.0,0.0,0.0,0.0,1.0,
2024-06-29,open,60319.6,60860.0,0.0,0.0,0.0,0.0,0.0,0.0,0.0,1.0,
2024-06-30,open,60860.0,62680.4,0.0,0.0,0.0,0.0,0.0,0.0,0.0,1.0,
2024-07-01,open,62680.4,62858.6,0.0,0.0,0.0,0.0,0.0,0.0,0.0,1.0,
2024-07-02,open,62858.6,62020.0,0.0,0.0,0.0,0.0,0.0,0.0,0.0,1.0,
2024-07-03,open,62020.0,60146.6,0.0,0.0,0.0,0.0,0.0,0.0,0.0,1.0,
2024-07-04,open,60146.6,57031.4,0.0,0.0,0.0,0.0,0.0,0.0,0.0,1.0,
2024-07-05,open,57031.4,56650.1,0.0,0.0,0.0,0.0,0.0,0.0,0.0,1.0,
2024-07-06,open,56650.1,58234.9,0.0,0.0,0.0,0.0,0.0,0.0,0.0,1.0,
2024-07-07,open,58234.9,55845.4,0.0,0.0,0.0,0.0,0.0,0.0,0.0,1.0,
2024-07-08,open,55845.4,56699.3,0.0,0.0,0.0,0.0,0.0,0.0,0.0,1.0,
2024-07-09,open,56699.3,58001.6,0.0,0.0,0.0,0.0,0.0,0.0,0.0,1.0,
2024-07-10,open,58001.6,57742.1,0.0,0.0,0.0,0.0,0.0,0.0,0.0,1.0,
2024-07-11,open,57742.1,57350.0,0.0,0.0,0.0,0.0,0.0,0.0,0.0,1.0,
2024-07-12,open,57350.0,57911.5,0.0,0.0,0.0,0.0,0.0,0.0,0.0,1.0,
2024-07-13,open,57911.5,59222.8,0.0,0.0,0.0,0.0,0.0,0.0,0.0,1.0,
2024-07-14,open,59222.8,60810.0,0.0,0.0,0.0,0.0,0.0,0.0,0.0,1.0,
2024-07-15,open,60810.0,64764.3,0.0,0.0,0.0,0.0,0.0,0.0,0.0,1.0,
2024-07-16,open,64764.3,65077.1,0.0,0.0,0.0,0.0,0.0,0.0,0.0,1.0,
2024-07-17,open,65077.1,64120.1,0.0,0.0,0.0,0.0,0.0,0.0,0.0,1.0,
2024-07-18,open,64120.1,63960.7,0.0,0.0,0.0,0.0,0.0,0.0,0.0,1.0,
2024-07-19,open,63960.7,66708.9,0.0,0.0,0.0,0.0,0.0,0.0,0.0,1.0,
2024-07-20,open,66708.9,67166.1,0.0,0.0,0.0,0.0,0.0,0.0,0.0,1.0,
2024-07-21,open,67166.1,68137.2,0.0,0.0,0.0,0.0,0.0,0.0,0.0,1.0,
2024-07-22,open,68137.2,67595.2,0.0,0.0,0.0,0.0,0.0,0.0,0.0,1.0,
2024-07-23,open,67595.2,65900.8,0.0,0.0,0.0,0.0,0.0,0.0,0.0,1.0,
2024-07-24,open,65900.8,65360.4,0.0,0.0,0.0,0.0,0.0,0.0,0.0,1.0,
2024-07-25,open,65360.4,65794.2,0.0,0.0,0.0,0.0,0.0,0.0,0.0,1.0,
2024-07-26,open,65794.2,67914.7,0.0,0.0,0.0,0.0,0.0,0.0,0.0,1.0,
2024-07-27,open,67914.7,67912.9,0.0,0.0,0.0,0.0,0.0,0.0,0.0,1.0,
2024-07-28,open,67912.9,68250.0,0.0,0.0,0.0,0.0,0.0,0.0,0.0,1.0,
2024-07-29,open,68250.0,66755.4,0.0,0.0,0.0,0.0,0.0,0.0,0.0,1.0,
2024-07-30,open,66755.4,66175.1,0.0,0.0,0.0,0.0,0.0,0.0,0.0,1.0,
2024-07-31,open,66175.1,64638.1,0.0,0.0,0.0,0.0,0.0,0.0,0.0,1.0,
2024-08-01,open,64638.1,65300.1,0.0,0.0,0.0,0.0,0.0,0.0,0.0,1.0,
2024-08-02,open,65300.1,61410.0,0.0,0.0,0.0,0.0,0.0,0.0,0.0,1.0,
2024-08-03,open,61410.0,60688.6,0.0,0.0,0.0,0.0,0.0,0.0,0.0,1.0,
2024-08-04,open,60688.6,58103.1,0.0,0.0,0.0,0.0,0.0,0.0,0.0,1.0,
2024-08-05,open,58103.1,54012.4,0.0,0.0,0.0,0.0,0.0,0.0,0.0,1.0,
2024-08-06,open,54012.4,56080.0,0.0,0.0,0.0,0.0,0.0,0.0,0.0,1.0,
2024-08-07,open,56080.0,55138.1,0.0,0.0,0.0,0.0,0.0,0.0,0.0,1.0,
2024-08-08,open,55138.1,61701.9,0.0,0.0,0.0,0.0,0.0,0.0,0.0,1.0,
2024-08-09,open,61701.9,60859.9,0.0,0.0,0.0,0.0,0.0,0.0,0.0,1.0,
2024-08-10,open,60859.9,60951.8,0.0,0.0,0.0,0.0,0.0,0.0,0.0,1.0,
2024-08-11,open,60951.8,58717.7,0.0,0.0,0.0,0.0,0.0,0.0,0.0,1.0,
2024-08-12,open,58717.7,59359.5,0.0,0.0,0.0,0.0,0.0,0.0,0.0,1.0,
2024-08-13,open,59359.5,60600.1,0.0,0.0,0.0,0.0,0.0,0.0,0.0,1.0,
2024-08-14,open,60600.1,58693.7,0.0,0.0,0.0,0.0,0.0,0.0,0.0,1.0,
2024-08-15,open,58693.7,57555.0,0.0,0.0,0.0,0.0,0.0,0.0,0.0,1.0,
2024-08-16,open,57555.0,58895.6,0.0,0.0,0.0,0.0,0.0,0.0,0.0,1.0,
2024-08-17,open,58895.6,59473.4,0.0,0.0,0.0,0.0,0.0,0.0,0.0,1.0,
2024-08-18,open,59473.4,58466.5,0.0,0.0,0.0,0.0,0.0,0.0,0.0,1.0,
2024-08-19,open,58466.5,59493.7,0.0,0.0,0.0,0.0,0.0,0.0,0.0,1.0,
2024-08-20,open,59493.7,59023.3,0.0,0.0,0.0,0.0,0.0,0.0,0.0,1.0,
2024-08-21,open,59023.3,61179.8,0.0,0.0,0.0,0.0,0.0,0.0,0.0,1.0,
2024-08-22,open,61179.8,60391.1,0.0,0.0,0.0,0.0,0.0,0.0,0.0,1.0,
2024-08-23,open,60391.1,64087.5,0.0,0.0,0.0,0.0,0.0,0.0,0.0,1.0,
2024-08-24,open,64087.5,64176.1,0.0,0.0,0.0,0.0,0.0,0.0,0.0,1.0,
2024-08-25,open,64176.1,64288.1,0.0,0.0,0.0,0.0,0.0,0.0,0.0,1.0,
2024-08-26,open,64288.1,62851.1,0.0,0.0,0.0,0.0,0.0,0.0,0.0,1.0,
2024-08-27,open,62851.1,59458.0,0.0,0.0,0.0,0.0,0.0,0.0,0.0,1.0,
2024-08-28,open,59458.0,59025.6,0.0,0.0,0.0,0.0,0.0,0.0,0.0,1.0,
2024-08-29,open,59025.6,59385.5,0.0,0.0,0.0,0.0,0.0,0.0,0.0,1.0,
2024-08-30,open,59385.5,59110.0,0.0,0.0,0.0,0.0,0.0,0.0,0.0,1.0,
2024-08-31,open,59110.0,58972.3,0.0,0.0,0.0,0.0,0.0,0.0,0.0,1.0,
2024-09-01,open,58972.3,57318.5,0.0,0.0,0.0,0.0,0.0,0.0,0.0,1.0,
2024-09-02,open,57318.5,59128.7,0.0,0.0,0.0,0.0,0.0,0.0,0.0,1.0,
2024-09-03,open,59128.7,57482.4,0.0,0.0,0.0,0.0,0.0,0.0,0.0,1.0,
2024-09-04,open,57482.4,57970.1,0.0,0.0,0.0,0.0,0.0,0.0,0.0,1.0,
2024-09-05,open,57970.1,56163.9,0.0,0.0,0.0,0.0,0.0,0.0,0.0,1.0,
2024-09-06,open,56163.9,53948.3,0.0,0.0,0.0,0.0,0.0,0.0,0.0,1.0,
2024-09-07,open,53948.3,54146.5,0.0,0.0,0.0,0.0,0.0,0.0,0.0,1.0,
2024-09-08,open,54146.5,54856.9,0.0,0.0,0.0,0.0,0.0,0.0,0.0,1.0,
2024-09-09,open,54856.9,57062.7,0.0,0.0,0.0,0.0,0.0,0.0,0.0,1.0,
2024-09-10,open,57062.7,57630.0,0.0,0.0,0.0,0.0,0.0,0.0,0.0,1.0,
2024-09-11,open,57630.0,57350.7,0.0,0.0,0.0,0.0,0.0,0.0,0.0,1.0,
2024-09-12,open,57350.7,58133.4,0.0,0.0,0.0,0.0,0.0,0.0,0.0,1.0,
2024-09-13,open,58133.4,60581.1,0.0,0.0,0.0,0.0,0.0,0.0,0.0,1.0,
2024-09-14,open,60581.1,60000.2,0.0,0.0,0.0,0.0,0.0,0.0,0.0,1.0,
2024-09-15,open,60000.2,59135.1,0.0,0.0,0.0,0.0,0.0,0.0,0.0,1.0,
2024-09-16,open,59135.1,58197.3,0.0,0.0,0.0,0.0,0.0,0.0,0.0,1.0,
2024-09-17,open,58197.3,60317.1,0.0,0.0,0.0,0.0,0.0,0.0,0.0,1.0,
2024-09-18,open,60317.1,61777.7,0.0,0.0,0.0,0.0,0.0,0.0,0.0,1.0,
2024-09-19,open,61777.7,62922.2,0.0,0.0,0.0,0.0,0.0,0.0,0.0,1.0,
2024-09-20,open,62922.2,63210.3,0.0,0.0,0.0,0.0,0.0,0.0,0.0,1.0,
2024-09-21,open,63210.3,63376.1,0.0,0.0,0.0,0.0,0.0,0.0,0.0,1.0,
2024-09-22,open,63376.1,63615.2,0.0,0.0,0.0,0.0,0.0,0.0,0.0,1.0,
2024-09-23,open,63615.2,63332.4,0.0,0.0,0.0,0.0,0.0,0.0,0.0,1.0,
2024-09-24,open,63332.4,64271.9,0.0,0.0,0.0,0.0,0.0,0.0,0.0,1.0,
2024-09-25,open,64271.9,63139.2,0.0,0.0,0.0,0.0,0.0,0.0,0.0,1.0,
2024-09-26,open,63139.2,65179.3,0.0,0.0,0.0,0.0,0.0,0.0,0.0,1.0,
2024-09-27,open,65179.3,65788.8,0.0,0.0,0.0,0.0,0.0,0.0,0.0,1.0,
2024-09-28,open,65788.8,65862.7,0.0,0.0,0.0,0.0,0.0,0.0,0.0,1.0,
2024-09-29,open,65862.7,65610.1,0.0,0.0,0.0,0.0,0.0,0.0,0.0,1.0,
2024-09-30,open,65610.1,63325.0,0.0,0.0,0.0,0.0,0.0,0.0,0.0,1.0,
2024-10-01,open,63325.0,60819.1,0.0,0.0,0.0,0.0,0.0,0.0,0.0,1.0,
2024-10-02,open,60819.1,60643.9,0.0,0.0,0.0,0.0,0.0,0.0,0.0,1.0,
2024-10-03,open,60643.9,60739.7,0.0,0.0,0.0,0.0,0.0,0.0,0.0,1.0,
2024-10-04,open,60739.7,62081.0,0.0,0.0,0.0,0.0,0.0,0.0,0.0,1.0,
2024-10-05,open,62081.0,62048.5,0.0,0.0,0.0,0.0,0.0,0.0,0.0,1.0,
2024-10-06,open,62048.5,62809.4,0.0,0.0,0.0,0.0,0.0,0.0,0.0,1.0,
2024-10-07,open,62809.4,62221.1,0.0,0.0,0.0,0.0,0.0,0.0,0.0,1.0,
2024-10-08,open,62221.1,62120.6,0.0,0.0,0.0,0.0,0.0,0.0,0.0,1.0,
2024-10-09,open,62120.6,60558.0,0.0,0.0,0.0,0.0,0.0,0.0,0.0,1.0,
2024-10-10,open,60558.0,60275.9,0.0,0.0,0.0,0.0,0.0,0.0,0.0,1.0,
2024-10-11,open,60275.9,62502.5,0.0,0.0,0.0,0.0,0.0,0.0,0.0,1.0,
2024-10-12,open,62502.5,63184.9,0.0,0.0,0.0,0.0,0.0,0.0,0.0,1.0,
2024-10-13,open,63184.9,62834.9,0.0,0.0,0.0,0.0,0.0,0.0,0.0,1.0,
2024-10-14,open,62834.9,66025.6,0.0,0.0,0.0,0.0,0.0,0.0,0.0,1.0,
2024-10-15,open,66025.6,67056.0,0.0,0.0,0.0,0.0,0.0,0.0,0.0,1.0,
2024-10-16,open,67056.0,67590.0,0.0,0.0,0.0,0.0,0.0,0.0,0.0,1.0,
2024-10-17,open,67590.0,67407.8,0.0,0.0,0.0,0.0,0.0,0.0,0.0,1.0,
2024-10-18,open,67407.8,68440.2,0.0,0.0,0.0,0.0,0.0,0.0,0.0,1.0,
2024-10-19,open,68440.2,68375.0,0.0,0.0,0.0,0.0,0.0,0.0,0.0,1.0,
2024-10-20,open,68375.0,69010.5,0.0,0.0,0.0,0.0,0.0,0.0,0.0,1.0,
2024-10-21,open,69010.5,67385.1,0.0,0.0,0.0,0.0,0.0,0.0,0.0,1.0,
2024-10-22,open,67385.1,67384.2,0.0,0.0,0.0,0.0,0.0,0.0,0.0,1.0,
2024-10-23,open,67384.2,66630.5,0.0,0.0,0.0,0.0,0.0,0.0,0.0,1.0,
2024-10-24,open,66630.5,68170.1,0.0,0.0,0.0,0.0,0.0,0.0,0.0,1.0,
2024-10-25,open,68170.1,66606.8,0.0,0.0,0.0,0.0,0.0,0.0,0.0,1.0,
2024-10-26,open,66606.8,67026.1,0.0,0.0,0.0,0.0,0.0,0.0,0.0,1.0,
2024-10-27,open,67026.1,67941.3,0.0,0.0,0.0,0.0,0.0,0.0,0.0,1.0,
2024-10-28,open,67941.3,69912.0,0.0,0.0,0.0,0.0,0.0,0.0,0.0,1.0,
2024-10-29,open,69912.0,72661.0,0.0,0.0,0.0,0.0,0.0,0.0,0.0,1.0,
2024-10-30,open,72661.0,72331.1,0.0,0.0,0.0,0.0,0.0,0.0,0.0,1.0,
2024-10-31,open,72331.1,70250.1,0.0,0.0,0.0,0.0,0.0,0.0,0.0,1.0,
2024-11-01,open,70250.1,69490.1,0.0,0.0,0.0,0.0,0.0,0.0,0.0,1.0,
2024-11-02,open,69490.1,69300.9,0.0,0.0,0.0,0.0,0.0,0.0,0.0,1.0,
2024-11-03,open,69300.9,68748.7,0.0,0.0,0.0,0.0,0.0,0.0,0.0,1.0,
2024-11-04,open,68748.7,67787.8,0.0,0.0,0.0,0.0,0.0,0.0,0.0,1.0,
2024-11-05,open,67787.8,69382.7,0.0,0.0,0.0,0.0,0.0,0.0,0.0,1.0,
2024-11-06,open,69382.7,75642.1,0.0,0.0,0.0,0.0,0.0,0.0,0.0,1.0,
2024-11-07,open,75642.1,75949.3,0.0,0.0,0.0,0.0,0.0,0.0,0.0,1.0,
2024-11-08,open,75949.3,76550.5,0.0,0.0,0.0,0.0,0.0,0.0,0.0,1.0,
2024-11-09,open,76550.5,76728.3,0.0,0.0,0.0,0.0,0.0,0.0,0.0,1.0,
2024-11-10,open,76728.3,80423.3,0.0,0.0,0.0,0.0,0.0,0.0,0.0,1.0,
2024-11-11,open,80423.3,88737.5,0.0,0.0,0.0,0.0,0.0,0.0,0.0,1.0,
2024-11-12,open,88737.5,88087.3,0.0,0.0,0.0,0.0,0.0,0.0,0.0,1.0,
2024-11-13,open,88087.3,90496.8,0.0,0.0,0.0,0.0,0.0,0.0,0.0,1.0,
2024-11-14,open,90496.8,87314.4,0.0,0.0,0.0,0.0,0.0,0.0,0.0,1.0,
2024-11-15,open,87314.4,91062.0,0.0,0.0,0.0,0.0,0.0,0.0,0.0,1.0,
2024-11-16,open,91062.0,90567.7,0.0,0.0,0.0,0.0,0.0,0.0,0.0,1.0,
2024-11-17,open,90567.7,89850.0,0.0,0.0,0.0,0.0,0.0,0.0,0.0,1.0,
2024-11-18,open,89850.0,90508.0,0.0,0.0,0.0,0.0,0.0,0.0,0.0,1.0,
2024-11-19,open,90508.0,92376.1,0.0,0.0,0.0,0.0,0.0,0.0,0.0,1.0,
2024-11-20,open,92376.1,94356.8,0.0,0.0,0.0,0.0,0.0,0.0,0.0,1.0,
2024-11-21,open,94356.8,98496.0,0.0,0.0,0.0,0.0,0.0,0.0,0.0,1.0,
2024-11-22,open,98496.0,99000.0,0.0,0.0,0.0,0.0,0.0,0.0,0.0,1.0,
2024-11-23,open,99000.0,97759.1,0.0,0.0,0.0,0.0,0.0,0.0,0.0,1.0,
2024-11-24,open,97759.1,97994.1,0.0,0.0,0.0,0.0,0.0,0.0,0.0,1.0,
2024-11-25,open,97994.1,93000.1,0.0,0.0,0.0,0.0,0.0,0.0,0.0,1.0,
2024-11-26,open,93000.1,91914.6,0.0,0.0,0.0,0.0,0.0,0.0,0.0,1.0,
2024-11-27,open,91914.6,95946.8,0.0,0.0,0.0,0.0,0.0,0.0,0.0,1.0,
2024-11-28,open,95946.8,95637.8,0.0,0.0,0.0,0.0,0.0,0.0,0.0,1.0,
2024-11-29,open,95637.8,97478.7,0.0,0.0,0.0,0.0,0.0,0.0,0.0,1.0,
2024-11-30,open,97478.7,96456.3,0.0,0.0,0.0,0.0,0.0,0.0,0.0,1.0,
2024-12-01,open,96456.3,97245.0,0.0,0.0,0.0,0.0,0.0,0.0,0.0,1.0,
2024-12-02,open,97245.0,95853.3,0.0,0.0,0.0,0.0,0.0,0.0,0.0,1.0,
2024-12-03,open,95853.3,95917.5,0.0,0.0,0.0,0.0,0.0,0.0,0.0,1.0,
2024-12-04,open,95917.5,98757.1,0.0,0.0,0.0,0.0,0.0,0.0,0.0,1.0,
2024-12-05,open,98757.1,97087.3,0.0,0.0,0.0,0.0,0.0,0.0,0.0,1.0,
2024-12-06,open,97087.3,99873.0,0.0,0.0,0.0,0.0,0.0,0.0,0.0,1.0,
2024-12-07,open,99873.0,99900.0,0.0,0.0,0.0,0.0,0.0,0.0,0.0,1.0,
2024-12-08,open,99900.0,101170.0,0.0,0.0,0.0,0.0,0.0,0.0,0.0,1.0,
2024-12-09,open,101170.0,97337.0,0.0,0.0,0.0,0.0,0.0,0.0,0.0,1.0,
2024-12-10,open,97337.0,96655.1,0.0,0.0,0.0,0.0,0.0,0.0,0.0,1.0,
2024-12-11,open,96655.1,101177.1,0.0,0.0,0.0,0.0,0.0,0.0,0.0,1.0,
2024-12-12,open,101177.1,100050.1,0.0,0.0,0.0,0.0,0.0,0.0,0.0,1.0,
2024-12-13,open,100050.1,101483.1,0.0,0.0,0.0,0.0,0.0,0.0,0.0,1.0,
2024-12-14,open,101483.1,101400.1,0.0,0.0,0.0,0.0,0.0,0.0,0.0,1.0,
2024-12-15,open,101400.1,104355.3,0.0,0.0,0.0,0.0,0.0,0.0,0.0,1.0,
2024-12-16,open,104355.3,106070.2,0.0,0.0,0.0,0.0,0.0,0.0,0.0,1.0,
2024-12-17,open,106070.2,106152.0,0.0,0.0,0.0,0.0,0.0,0.0,0.0,1.0,
2024-12-18,open,106152.0,100166.1,0.0,0.0,0.0,0.0,0.0,0.0,0.0,1.0,
2024-12-19,open,100166.1,97431.5,0.0,0.0,0.0,0.0,0.0,0.0,0.0,1.0,
2024-12-20,open,97431.5,97781.8,0.0,0.0,0.0,0.0,0.0,0.0,0.0,1.0,
2024-12-21,open,97781.8,97232.7,0.0,0.0,0.0,0.0,0.0,0.0,0.0,1.0,
2024-12-22,open,97232.7,95101.9,0.0,0.0,0.0,0.0,0.0,0.0,0.0,1.0,
2024-12-23,open,95101.9,94699.4,0.0,0.0,0.0,0.0,0.0,0.0,0.0,1.0,
2024-12-24,open,94699.4,98647.2,0.0,0.0,0.0,0.0,0.0,0.0,0.0,1.0,
2024-12-25,open,98647.2,99328.2,0.0,0.0,0.0,0.0,0.0,0.0,0.0,1.0,
2024-12-26,open,99328.2,95660.9,0.0,0.0,0.0,0.0,0.0,0.0,0.0,1.0,
2024-12-27,open,95660.9,94147.6,0.0,0.0,0.0,0.0,0.0,0.0,0.0,1.0,
2024-12-28,open,94147.6,95204.1,0.0,0.0,0.0,0.0,0.0,0.0,0.0,1.0,
2024-12-29,open,95204.1,93551.0,0.0,0.0,0.0,0.0,0.0,0.0,0.0,1.0,
2024-12-30,open,93551.0,92611.3,0.0,0.0,0.0,0.0,0.0,0.0,0.0,1.0,
2024-12-31,open,92611.3,93370.8,0.0,0.0,0.0,0.0,0.0,0.0,0.0,1.0,
2025-01-01,open,93370.8,94380.9,0.0,0.0,0.0,0.0,0.0,0.0,0.0,1.0,
2025-01-02,open,94380.9,96805.3,0.0,0.0,0.0,0.0,0.0,0.0,0.0,1.0,
2025-01-03,open,96805.3,98111.1,0.0,0.0,0.0,0.0,0.0,0.0,0.0,1.0,
2025-01-04,open,98111.1,98208.9,0.0,0.0,0.0,0.0,0.0,0.0,0.0,1.0,
2025-01-05,open,98208.9,98306.3,0.0,0.0,0.0,0.0,0.0,0.0,0.0,1.0,
2025-01-06,open,98306.3,102222.0,0.0,0.0,0.0,0.0,0.0,0.0,0.0,1.0,
2025-01-07,open,102222.0,96932.2,0.0,0.0,0.0,0.0,0.0,0.0,0.0,1.0,
2025-01-08,open,96932.2,95060.1,0.0,0.0,0.0,0.0,0.0,0.0,0.0,1.0,
2025-01-09,open,95060.1,92523.5,0.0,0.0,0.0,0.0,0.0,0.0,0.0,1.0,
2025-01-10,open,92523.5,94698.9,0.0,0.0,0.0,0.0,0.0,0.0,0.0,1.0,
2025-01-11,open,94698.9,94562.1,0.0,0.0,0.0,0.0,0.0,0.0,0.0,1.0,
2025-01-12,open,94562.1,94450.0,0.0,0.0,0.0,0.0,0.0,0.0,0.0,1.0,
2025-01-13,open,94450.0,94487.1,0.0,0.0,0.0,0.0,0.0,0.0,0.0,1.0,
2025-01-14,open,94487.1,96560.1,0.0,0.0,0.0,0.0,0.0,0.0,0.0,1.0,
2025-01-15,open,96560.1,100496.5,0.0,0.0,0.0,0.0,0.0,0.0,0.0,1.0,
2025-01-16,open,100496.5,99976.7,0.0,0.0,0.0,0.0,0.0,0.0,0.0,1.0,
2025-01-17,open,99976.7,104089.8,0.0,0.0,0.0,0.0,0.0,0.0,0.0,1.0,
2025-01-18,open,104089.8,104382.0,0.0,0.0,0.0,0.0,0.0,0.0,0.0,1.0,
2025-01-19,open,104382.0,101191.0,0.0,0.0,0.0,0.0,0.0,0.0,0.0,1.0,
2025-01-20,open,101191.0,102142.1,0.0,0.0,0.0,0.0,0.0,0.0,0.0,1.0,
2025-01-21,open,102142.1,106162.8,0.0,0.0,0.0,0.0,0.0,0.0,0.0,1.0,
2025-01-22,open,106162.8,103648.6,0.0,0.0,0.0,0.0,0.0,0.0,0.0,1.0,
2025-01-23,open,103648.6,103920.2,0.0,0.0,0.0,0.0,0.0,0.0,0.0,1.0,
2025-01-24,open,103920.2,104840.4,0.0,0.0,0.0,0.0,0.0,0.0,0.0,1.0,
2025-01-25,open,104840.4,104705.3,0.0,0.0,0.0,0.0,0.0,0.0,0.0,1.0,
2025-01-26,open,104705.3,102596.5,0.0,0.0,0.0,0.0,0.0,0.0,0.0,1.0,
2025-01-27,open,102596.5,102133.3,0.0,0.0,0.0,0.0,0.0,0.0,0.0,1.0,
2025-01-28,open,102133.3,101299.9,0.0,0.0,0.0,0.0,0.0,0.0,0.0,1.0,
2025-01-29,open,101299.9,103708.1,0.0,0.0,0.0,0.0,0.0,0.0,0.0,1.0,
2025-01-30,open,103708.1,104750.1,0.0,0.0,0.0,0.0,0.0,0.0,0.0,1.0,
2025-01-31,open,104750.1,102406.0,0.0,0.0,0.0,0.0,0.0,0.0,0.0,1.0,
2025-02-01,open,102406.0,100624.3,0.0,0.0,0.0,0.0,0.0,0.0,0.0,1.0,
2025-02-02,open,100624.3,97696.0,0.0,0.0,0.0,0.0,0.0,0.0,0.0,1.0,
2025-02-03,open,97696.0,101425.1,0.0,0.0,0.0,0.0,0.0,0.0,0.0,1.0,
2025-02-04,open,101425.1,97868.4,0.0,0.0,0.0,0.0,0.0,0.0,0.0,1.0,
2025-02-05,open,97868.4,96613.4,0.0,0.0,0.0,0.0,0.0,0.0,0.0,1.0,
2025-02-06,open,96613.4,96558.5,0.0,0.0,0.0,0.0,0.0,0.0,0.0,1.0,
2025-02-07,open,96558.5,96547.5,0.0,0.0,0.0,0.0,0.0,0.0,0.0,1.0,
2025-02-08,open,96547.5,96496.5,0.0,0.0,0.0,0.0,0.0,0.0,0.0,1.0,
2025-02-09,open,96496.5,96473.0,0.0,0.0,0.0,0.0,0.0,0.0,0.0,1.0,
2025-02-10,open,96473.0,97441.2,0.0,0.0,0.0,0.0,0.0,0.0,0.0,1.0,
2025-02-11,open,97441.2,95767.1,0.0,0.0,0.0,0.0,0.0,0.0,0.0,1.0,
2025-02-12,open,95767.1,97874.0,0.0,0.0,0.0,0.0,0.0,0.0,0.0,1.0,
2025-02-13,open,97874.0,96628.0,0.0,0.0,0.0,0.0,0.0,0.0,0.0,1.0,
2025-02-14,open,96628.0,97464.0,0.0,0.0,0.0,0.0,0.0,0.0,0.0,1.0,
2025-02-15,open,97464.0,97588.2,0.0,0.0,0.0,0.0,0.0,0.0,0.0,1.0,
2025-02-16,open,97588.2,96144.1,0.0,0.0,0.0,0.0,0.0,0.0,0.0,1.0,
2025-02-17,open,96144.1,95772.8,0.0,0.0,0.0,0.0,0.0,0.0,0.0,1.0,
2025-02-18,open,95772.8,95600.0,0.0,0.0,0.0,0.0,0.0,0.0,0.0,1.0,
2025-02-19,open,95600.0,96625.7,0.0,0.0,0.0,0.0,0.0,0.0,0.0,1.0,
2025-02-20,open,96625.7,98339.1,0.0,0.0,0.0,0.0,0.0,0.0,0.0,1.0,
2025-02-21,open,98339.1,96099.5,0.0,0.0,0.0,0.0,0.0,0.0,0.0,1.0,
2025-02-22,open,96099.5,96600.1,0.0,0.0,0.0,0.0,0.0,0.0,0.0,1.0,
2025-02-23,open,96600.1,96303.4,0.0,0.0,0.0,0.0,0.0,0.0,0.0,1.0,
2025-02-24,open,96303.4,91534.4,0.0,0.0,0.0,0.0,0.0,0.0,0.0,1.0,
2025-02-25,open,91534.4,88632.6,0.0,0.0,0.0,0.0,0.0,0.0,0.0,1.0,
2025-02-26,open,88632.6,84089.9,0.0,0.0,0.0,0.0,0.0,0.0,0.0,1.0,
2025-02-27,open,84089.9,84668.4,0.0,0.0,0.0,0.0,0.0,0.0,0.0,1.0,
2025-02-28,open,84668.4,84309.2,0.0,0.0,0.0,0.0,0.0,0.0,0.0,1.0,
2025-03-01,open,84309.2,86020.8,0.0,0.0,0.0,0.0,0.0,0.0,0.0,1.0,
2025-03-02,open,86020.8,94285.0,0.0,0.0,0.0,0.0,0.0,0.0,0.0,1.0,
2025-03-03,open,94285.0,86144.7,0.0,0.0,0.0,0.0,0.0,0.0,0.0,1.0,
2025-03-04,open,86144.7,87250.0,0.0,0.0,0.0,0.0,0.0,0.0,0.0,1.0,
2025-03-05,open,87250.0,90610.4,0.0,0.0,0.0,0.0,0.0,0.0,0.0,1.0,
2025-03-06,open,90610.4,89925.3,0.0,0.0,0.0,0.0,0.0,0.0,0.0,1.0,
2025-03-07,open,89925.3,86762.3,0.0,0.0,0.0,0.0,0.0,0.0,0.0,1.0,
2025-03-08,open,86762.3,86164.1,0.0,0.0,0.0,0.0,0.0,0.0,0.0,1.0,
2025-03-09,open,86164.1,80709.9,0.0,0.0,0.0,0.0,0.0,0.0,0.0,1.0,
2025-03-10,open,80709.9,78558.9,0.0,0.0,0.0,0.0,0.0,0.0,0.0,1.0,
2025-03-11,open,78558.9,82900.0,0.0,0.0,0.0,0.0,0.0,0.0,0.0,1.0,
2025-03-12,open,82900.0,83673.4,0.0,0.0,0.0,0.0,0.0,0.0,0.0,1.0,
2025-03-13,open,83673.4,81112.3,0.0,0.0,0.0,0.0,0.0,0.0,0.0,1.0,
2025-03-14,open,81112.3,83997.7,0.0,0.0,0.0,0.0,0.0,0.0,0.0,1.0,
2025-03-15,open,83997.7,84333.0,0.0,0.0,0.0,0.0,0.0,0.0,0.0,1.0,
2025-03-16,open,84333.0,82600.0,0.0,0.0,0.0,0.0,0.0,0.0,0.0,1.0,
2025-03-17,open,82600.0,84015.2,0.0,0.0,0.0,0.0,0.0,0.0,0.0,1.0,
2025-03-18,open,84015.2,82705.4,0.0,0.0,0.0,0.0,0.0,0.0,0.0,1.0,
2025-03-19,open,82705.4,86879.6,0.0,0.0,0.0,0.0,0.0,0.0,0.0,1.0,
2025-03-20,open,86879.6,84178.6,0.0,0.0,0.0,0.0,0.0,0.0,0.0,1.0,
2025-03-21,open,84178.6,84034.3,0.0,0.0,0.0,0.0,0.0,0.0,0.0,1.0,
2025-03-22,open,84034.3,83800.0,0.0,0.0,0.0,0.0,0.0,0.0,0.0,1.0,
2025-03-23,open,83800.0,86076.5,0.0,0.0,0.0,0.0,0.0,0.0,0.0,1.0,
2025-03-24,open,86076.5,87511.9,0.0,0.0,0.0,0.0,0.0,0.0,0.0,1.0,
2025-03-25,open,87511.9,87458.1,0.0,0.0,0.0,0.0,0.0,0.0,0.0,1.0,
2025-03-26,open,87458.1,86899.0,0.0,0.0,0.0,0.0,0.0,0.0,0.0,1.0,
2025-03-27,open,86899.0,87209.9,0.0,0.0,0.0,0.0,0.0,0.0,0.0,1.0,
2025-03-28,open,87209.9,84373.9,0.0,0.0,0.0,0.0,0.0,0.0,0.0,1.0,
2025-03-29,open,84373.9,82613.8,0.0,0.0,0.0,0.0,0.0,0.0,0.0,1.0,
2025-03-30,open,82613.8,82325.4,0.0,0.0,0.0,0.0,0.0,0.0,0.0,1.0,
2025-03-31,open,82325.4,82523.0,0.0,0.0,0.0,0.0,0.0,0.0,0.0,1.0,
2025-04-01,open,82523.0,85201.2,0.0,0.0,0.0,0.0,0.0,0.0,0.0,1.0,
2025-04-02,open,85201.2,82508.1,0.0,0.0,0.0,0.0,0.0,0.0,0.0,1.0,
2025-04-03,open,82508.1,83133.0,0.0,0.0,0.0,0.0,0.0,0.0,0.0,1.0,
2025-04-04,open,83133.0,83840.8,0.0,0.0,0.0,0.0,0.0,0.0,0.0,1.0,
2025-04-05,open,83840.8,83508.9,0.0,0.0,0.0,0.0,0.0,0.0,0.0,1.0,
2025-04-06,open,83508.9,78364.8,0.0,0.0,0.0,0.0,0.0,0.0,0.0,1.0,
2025-04-07,open,78364.8,79130.1,0.0,0.0,0.0,0.0,0.0,0.0,0.0,1.0,
2025-04-08,open,79130.1,76276.5,0.0,0.0,0.0,0.0,0.0,0.0,0.0,1.0,
2025-04-09,open,76276.5,82556.3,0.0,0.0,0.0,0.0,0.0,0.0,0.0,1.0,
2025-04-10,open,82556.3,79552.1,0.0,0.0,0.0,0.0,0.0,0.0,0.0,1.0,
2025-04-11,open,79552.1,83420.1,0.0,0.0,0.0,0.0,0.0,0.0,0.0,1.0,
2025-04-12,open,83420.1,85284.1,0.0,0.0,0.0,0.0,0.0,0.0,0.0,1.0,
2025-04-13,open,85284.1,83719.8,0.0,0.0,0.0,0.0,0.0,0.0,0.0,1.0,
2025-04-14,open,83719.8,84530.7,0.0,0.0,0.0,0.0,0.0,0.0,0.0,1.0,
2025-04-15,open,84530.7,83633.5,0.0,0.0,0.0,0.0,0.0,0.0,0.0,1.0,
2025-04-16,open,83633.5,84027.5,0.0,0.0,0.0,0.0,0.0,0.0,0.0,1.0,
2025-04-17,open,84027.5,84910.1,0.0,0.0,0.0,0.0,0.0,0.0,0.0,1.0,
2025-04-18,open,84910.1,84472.5,0.0,0.0,0.0,0.0,0.0,0.0,0.0,1.0,
2025-04-19,open,84472.5,85121.3,0.0,0.0,0.0,0.0,0.0,0.0,0.0,1.0,
2025-04-20,open,85121.3,85150.0,0.0,0.0,0.0,0.0,0.0,0.0,0.0,1.0,
2025-04-21,open,85150.0,87500.7,0.0,0.0,0.0,0.0,0.0,0.0,0.0,1.0,
2025-04-22,open,87500.7,93472.0,0.0,0.0,0.0,0.0,0.0,0.0,0.0,1.0,
2025-04-23,open,93472.0,93677.0,0.0,0.0,0.0,0.0,0.0,0.0,0.0,1.0,
2025-04-24,open,93677.0,94000.0,0.0,0.0,0.0,0.0,0.0,0.0,0.0,1.0,
2025-04-25,open,94000.0,94717.2,0.0,0.0,0.0,0.0,0.0,0.0,0.0,1.0,
2025-04-26,open,94717.2,94663.5,0.0,0.0,0.0,0.0,0.0,0.0,0.0,1.0,
2025-04-27,open,94663.5,93817.0,0.0,0.0,0.0,0.0,0.0,0.0,0.0,1.0,
2025-04-28,open,93817.0,94998.1,0.0,0.0,0.0,0.0,0.0,0.0,0.0,1.0,
2025-04-29,open,94998.1,94269.7,0.0,0.0,0.0,0.0,0.0,0.0,0.0,1.0,
2025-04-30,open,94269.7,94205.4,0.0,0.0,0.0,0.0,0.0,0.0,0.0,1.0,
2025-05-01,open,94205.4,96469.9,0.0,0.0,0.0,0.0,0.0,0.0,0.0,1.0,
2025-05-02,open,96469.9,96920.7,0.0,0.0,0.0,0.0,0.0,0.0,0.0,1.0,
2025-05-03,open,96920.7,95869.9,0.0,0.0,0.0,0.0,0.0,0.0,0.0,1.0,
2025-05-04,open,95869.9,94303.1,0.0,0.0,0.0,0.0,0.0,0.0,0.0,1.0,
2025-05-05,open,94303.1,94727.0,0.0,0.0,0.0,0.0,0.0,0.0,0.0,1.0,
2025-05-06,open,94727.0,96816.7,0.0,0.0,0.0,0.0,0.0,0.0,0.0,1.0,
2025-05-07,open,96816.7,97031.4,0.0,0.0,0.0,0.0,0.0,0.0,0.0,1.0,
2025-05-08,open,97031.4,103228.0,0.0,0.0,0.0,0.0,0.0,0.0,0.0,1.0,
2025-05-09,open,103228.0,102977.0,0.0,0.0,0.0,0.0,0.0,0.0,0.0,1.0,
2025-05-10,open,102977.0,104799.9,0.0,0.0,0.0,0.0,0.0,0.0,0.0,1.0,
2025-05-11,open,104799.9,104119.0,0.0,0.0,0.0,0.0,0.0,0.0,0.0,1.0,
2025-05-12,open,104119.0,102825.1,-1.0,0.0,0.0,0.0,0.0,0.0,0.0,1.0,
2025-05-13,open,102825.1,104156.8,-1.0,-1.0,0.0,2.0,0.001,-0.00990099009900991,-0.01090099009900991,0.9890990099009901,stop_loss
2025-05-14,open,104156.8,103589.7,-1.0,-1.0,-1.0,1.0,0.0005,0.005474482501638622,0.004974482501638622,0.9940192656181307,
2025-05-15,open,103589.7,103761.7,-1.0,-1.0,0.0,1.0,0.0005,0.014852371714607848,0.014352371714607848,1.0082857996097636,take_profit
2025-05-16,open,103761.7,103500.1,-1.0,-1.0,-1.0,1.0,0.0005,0.0025275337898222894,0.0020275337898222894,1.0103301331382704,
2025-05-17,open,103500.1,103169.1,-1.0,-1.0,-1.0,0.0,0.0,0.0032083249732719477,0.0032083249732719477,1.013571600535667,
2025-05-18,open,103169.1,106525.6,-1.0,-1.0,0.0,1.0,0.0005,-0.01555560710381343,-0.01605560710381343,0.997298093145883,stop_loss
2025-05-19,open,106525.6,105637.7,-1.0,-1.0,0.0,2.0,0.001,0.020408163265306145,0.019408163265306144,1.0166538173618367,take_profit
2025-05-20,open,105637.7,106855.6,-1.0,-1.0,0.0,2.0,0.001,-0.00990099009901002,-0.010900990099010022,1.0055712841646545,stop_loss
2025-05-21,open,106855.6,109675.1,-1.0,-1.0,0.0,2.0,0.001,-0.00990099009900991,-0.01090099009900991,0.9946095615521269,stop_loss
2025-05-22,open,109675.1,111711.1,-1.0,-1.0,0.0,2.0,0.001,-0.00990099009900991,-0.01090099009900991,0.9837673325692665,stop_loss
2025-05-23,open,111711.1,107333.5,-1.0,-1.0,0.0,2.0,0.001,0.020408163265306145,0.019408163265306144,1.0028604495748454,take_profit
2025-05-24,open,107333.5,107824.2,-1.0,-1.0,0.0,2.0,0.001,-0.00990099009900991,-0.01090099009900991,0.9919282777433415,stop_loss
2025-05-25,open,107824.2,109040.4,-1.0,-1.0,0.0,2.0,0.001,-0.00990099009900991,-0.01090099009900991,0.9811152774087334,stop_loss
2025-05-26,open,109040.4,109468.6,-1.0,-1.0,0.0,2.0,0.001,-0.00990099009900991,-0.01090099009900991,0.9704201494837135,stop_loss
2025-05-27,open,109468.6,109004.9,-1.0,-1.0,0.0,2.0,0.001,-0.00990099009900991,-0.01090099009900991,0.9598416090423117,stop_loss
2025-05-28,open,109004.9,107811.7,-1.0,-1.0,0.0,2.0,0.001,0.020408163265306145,0.019408163265306144,0.978470371699439,take_profit
2025-05-29,open,107811.7,105632.5,-1.0,-1.0,0.0,2.0,0.001,0.020408163265306145,0.019408163265306144,0.9974606844236463,take_profit
2025-05-30,open,105632.5,104019.7,-1.0,-1.0,-1.0,1.0,0.0005,0.015504755349227128,0.015004755349227128,1.012427337963896,
2025-05-31,open,104019.7,104662.0,-1.0,-1.0,0.0,1.0,0.0005,0.0048285425452221364,0.004328542545222136,1.0168096727702187,take_profit
2025-06-01,open,104662.0,105712.4,-1.0,-1.0,0.0,2.0,0.001,-0.00990099009900991,-0.01090099009900991,1.005725440594773,stop_loss
2025-06-02,open,105712.4,105920.4,-1.0,-1.0,-1.0,1.0,0.0005,-0.0019637388076328977,-0.0024637388076328977,1.0032475957969562,
2025-06-03,open,105920.4,105446.0,-1.0,-1.0,0.0,1.0,0.0005,-0.00795286864817335,-0.00845286864817335,0.9947672756480889,stop_loss
2025-06-04,open,105446.0,104745.4,-1.0,-1.0,-1.0,1.0,0.0005,0.0066885992129488425,0.006188599212948842,1.000923491627232,
2025-06-05,open,104745.4,101579.7,-1.0,-1.0,0.0,1.0,0.0005,0.013628409086070548,0.013128409086070547,1.0140640246891726,take_profit
2025-06-06,open,101579.7,104376.0,-1.0,-1.0,0.0,2.0,0.001,-0.00990099009900991,-0.01090099009900991,1.0030097227962738,stop_loss
2025-06-07,open,104376.0,105654.6,-1.0,-1.0,0.0,2.0,0.001,-0.009900990099009799,-0.0109009900990098,0.992075923738861,stop_loss
2025-06-08,open,105654.6,105754.2,-1.0,-1.0,-1.0,1.0,0.0005,-0.0009418065665476316,-0.0014418065665476316,0.9906455421575006,
2025-06-09,open,105754.2,110280.0,-1.0,-1.0,0.0,1.0,0.0005,-0.0089676293046278,-0.0094676293046278,0.9812664773920713,stop_loss
2025-06-10,open,110280.0,110273.6,-1.0,-1.0,-1.0,1.0,0.0005,5.8037463182447624e-05,-0.0004419625368175524,0.9808327943704291,
2025-06-11,open,110273.6,108701.9,-1.0,-1.0,-1.0,0.0,0.0,0.014458808907664045,0.014458808907664045,0.9950144683146013,
2025-06-12,open,108701.9,105760.1,-1.0,-1.0,0.0,1.0,0.0005,0.005806185368598005,0.005306185368598004,1.0002941995279155,take_profit
2025-06-13,open,105760.1,106122.3,-1.0,-1.0,0.0,2.0,0.001,0.020408163265306145,0.019408163265306144,1.019708072665692,take_profit
2025-06-14,open,106122.3,105479.4,-1.0,-1.0,-1.0,1.0,0.0005,0.006095028981962347,0.005595028981962347,1.0254133688853975,
2025-06-15,open,105479.4,105581.5,-1.0,-1.0,-1.0,0.0,0.0,-0.0009670254732127015,-0.0009670254732127015,1.0244217680371124,
2025-06-16,open,105581.5,106800.1,-1.0,-1.0,0.0,1.0,0.0005,-0.01494654173664367,-0.01544654173664367,1.008597994441201,stop_loss
2025-06-17,open,106800.1,104622.5,-1.0,-1.0,0.0,2.0,0.001,0.020408163265306145,0.019408163265306144,1.028173028986376,take_profit
2025-06-18,open,104622.5,104891.9,-1.0,-1.0,-1.0,1.0,0.0005,-0.002568358471912502,-0.003068358471912502,1.0250182255622937,
2025-06-19,open,104891.9,104675.2,-1.0,-1.0,-1.0,0.0,0.0,0.0020702133838770287,0.0020702133838770287,1.0271402320115706,
2025-06-20,open,104675.2,103300.0,-1.0,-1.0,0.0,1.0,0.0005,-0.009402261643641552,-0.009902261643641552,1.0169692206894814,stop_loss
2025-06-21,open,103300.0,102153.0,-1.0,-1.0,0.0,2.0,0.001,0.020408163265306145,0.019408163265306144,1.0367067253604139,take_profit
2025-06-22,open,102153.0,100987.9,-1.0,-1.0,0.0,2.0,0.001,-0.00990099009900991,-0.01090099009900991,1.025405595611683,stop_loss
2025-06-23,open,100987.9,105382.1,-1.0,-1.0,0.0,2.0,0.001,-0.00990099009900991,-0.01090099009900991,1.0142276593664508,stop_loss
2025-06-24,open,105382.1,106100.0,-1.0,-1.0,-1.0,1.0,0.0005,-0.006766258246936774,-0.007266258246936774,1.006858019272308,
2025-06-25,open,106100.0,107360.0,-1.0,-1.0,0.0,1.0,0.0005,-0.0031560867500738388,-0.0036560867500738388,1.003176859008841,stop_loss
2025-06-26,open,107360.0,106945.1,-1.0,-1.0,-1.0,1.0,0.0005,0.0038795606343815514,0.0033795606343815514,1.00656715603087,
2025-06-27,open,106945.1,107115.4,-1.0,-1.0,-1.0,0.0,0.0,-0.0015898740984021664,-0.0015898740984021664,1.0049668409811943,
2025-06-28,open,107115.4,107325.1,-1.0,-1.0,-1.0,0.0,0.0,-0.001953876586185399,-0.001953876586185399,1.0030032598007084,
2025-06-29,open,107325.1,108387.3,-1.0,-1.0,0.0,1.0,0.0005,-0.010222846055097268,-0.010722846055097268,0.9922482102531047,stop_loss
2025-06-30,open,108387.3,107120.3,-1.0,-1.0,-1.0,1.0,0.0005,0.01182782348443756,0.01132782348443756,1.003488222831601,
2025-07-01,open,107120.3,105700.1,-1.0,-1.0,0.0,1.0,0.0005,0.008480039372035009,0.007980039372035008,1.0114960983591708,take_profit
2025-07-02,open,105700.1,108846.9,-1.0,-1.0,0.0,2.0,0.001,-0.00990099009900991,-0.01090099009900991,1.0004697894057704,stop_loss
2025-07-03,open,108846.9,109631.0,-1.0,-1.0,0.0,2.0,0.001,-0.00990099009900991,-0.01090099009900991,0.9895636781370996,stop_loss
2025-07-04,open,109631.0,108018.9,-1.0,-1.0,0.0,2.0,0.001,0.020408163265306145,0.019408163265306144,1.0087692915638011,take_profit
2025-07-05,open,108018.9,108249.5,-1.0,-1.0,-1.0,1.0,0.0005,-0.0021302638811264707,-0.0026302638811264707,1.0061159621318114,
2025-07-06,open,108249.5,109223.2,-1.0,-1.0,0.0,1.0,0.0005,-0.007787315254300542,-0.008287315254300542,0.9977779619712411,stop_loss
2025-07-07,open,109223.2,108282.1,-1.0,-1.0,-1.0,1.0,0.0005,0.008691187186063098,0.008191187186063098,1.005950948027876,
2025-07-08,open,108282.1,108932.0,-1.0,-1.0,-1.0,0.0,0.0,-0.005966107296294876,-0.005966107296294876,0.9999493367371323,
2025-07-09,open,108932.0,111323.7,-1.0,-1.0,0.0,1.0,0.0005,-0.01254069330934593,-0.01304069330934593,0.9869093041118595,stop_loss
2025-07-10,open,111323.7,115990.2,-1.0,-1.0,0.0,2.0,0.001,-0.009900990099009799,-0.0109009900990098,0.9761510155591154,stop_loss
2025-07-11,open,115990.2,117532.6,-1.0,-1.0,0.0,2.0,0.001,-0.00990099009900991,-0.01090099009900991,0.9655100030033671,stop_loss
2025-07-12,open,117532.6,117461.0,-1.0,-1.0,-1.0,1.0,0.0005,0.0006095640255063817,0.00010956402550638166,0.9656157881659628,
2025-07-13,open,117461.0,119102.2,-1.0,-1.0,0.0,1.0,0.0005,-0.010504151171843445,-0.011004151171843446,0.9549900060590658,stop_loss
2025-07-14,open,119102.2,119855.0,-1.0,-1.0,0.0,2.0,0.001,-0.00990099009900991,-0.01090099009900991,0.9445796694583625,stop_loss
2025-07-15,open,119855.0,117741.0,-1.0,-1.0,0.0,2.0,0.001,0.020408163265306145,0.019408163265306144,0.9629122259002991,take_profit
2025-07-16,open,117741.0,118712.6,-1.0,-1.0,0.0,2.0,0.001,-0.00990099009900991,-0.01090099009900991,0.9524155292595443,stop_loss
2025-07-17,open,118712.6,119321.0,-1.0,-1.0,0.0,2.0,0.001,-0.00990099009900991,-0.01090099009900991,0.9420332570049428,stop_loss
2025-07-18,open,119321.0,118011.9,-1.0,-1.0,0.0,2.0,0.001,-0.00990099009900991,-0.01090099009900991,0.9317641617973939,stop_loss
2025-07-19,open,118011.9,117909.1,-1.0,-1.0,-1.0,1.0,0.0005,0.0008718580669344611,0.0003718580669344611,0.9321106458174387,
2025-07-20,open,117909.1,117319.0,-1.0,-1.0,-1.0,0.0,0.0,0.00502987580869263,0.00502987580869263,0.9367990466058608,
2025-07-21,open,117319.0,117461.0,-1.0,-1.0,0.0,1.0,0.0005,-0.015714298790424852,-0.016214298790424853,0.9216095069576082,stop_loss
2025-07-22,open,117461.0,119977.5,-1.0,-1.0,0.0,2.0,0.001,-0.00990099009900991,-0.01090099009900991,0.91156305084711,stop_loss
2025-07-23,open,119977.5,118735.3,-1.0,-1.0,0.0,2.0,0.001,0.020408163265306145,0.019408163265306144,0.9292548153645711,take_profit
2025-07-24,open,118735.3,118387.5,-1.0,-1.0,-1.0,1.0,0.0005,0.002937810157322307,0.002437810157322307,0.9315201621922076,
2025-07-25,open,118387.5,117628.1,-1.0,-1.0,0.0,1.0,0.0005,0.017419178867374985,0.016919178867374984,0.9472807184349037,take_profit
2025-07-26,open,117628.1,117937.6,-1.0,-1.0,-1.0,1.0,0.0005,-0.0026242691050182287,-0.0031242691050182288,0.9443211585525181,
2025-07-27,open,117937.6,119455.1,-1.0,-1.0,0.0,1.0,0.0005,-0.007295867313175997,-0.007795867313175997,0.936959356099418,stop_loss
2025-07-28,open,119455.1,117979.7,-1.0,-1.0,-1.0,1.0,0.0005,0.012505541207512794,0.012005541207512793,0.9482080602588343,
2025-07-29,open,117979.7,117916.9,-1.0,-1.0,0.0,1.0,0.0005,0.007805016107238938,0.0073050161072389375,0.955134735412039,take_profit
2025-07-30,open,117916.9,117820.7,-1.0,-1.0,-1.0,1.0,0.0005,0.0008164948943607531,0.00031649489436075305,0.9554370306792236,
2025-07-31,open,117820.7,115762.4,-1.0,-1.0,0.0,1.0,0.0005,0.019575684924151293,0.019075684924151293,0.9736626464413272,take_profit
2025-08-01,open,115762.4,113290.1,-1.0,-1.0,0.0,2.0,0.001,0.020408163265306145,0.019408163265306144,0.9925596500487904,take_profit
2025-08-02,open,113290.1,112525.2,-1.0,-1.0,-1.0,1.0,0.0005,0.0067975884512980755,0.006297588451298075,0.9988103822381622,
2025-08-03,open,112525.2,114224.1,-1.0,-1.0,0.0,1.0,0.0005,-0.016585834870735505,-0.017085834870735506,0.9817448729800649,stop_loss
2025-08-04,open,114224.1,115092.1,-1.0,-1.0,0.0,2.0,0.001,-0.009900990099009799,-0.0109009900990098,0.9710428818399556,stop_loss
2025-08-05,open,115092.1,114115.0,-1.0,-1.0,0.0,2.0,0.001,0.020408163265306145,0.019408163265306144,0.9898890406283187,take_profit
2025-08-06,open,114115.0,115010.0,-1.0,-1.0,0.0,2.0,0.001,-0.009900990099009799,-0.0109009900990098,0.9790982699973111,stop_loss
2025-08-07,open,115010.0,117498.1,-1.0,-1.0,0.0,2.0,0.001,-0.00990099009900991,-0.01090099009900991,0.9684251294501127,stop_loss
2025-08-08,open,117498.1,116676.0,-1.0,-1.0,-1.0,1.0,0.0005,0.007046007747951721,0.006546007747951721,0.9747644478508044,
2025-08-09,open,116676.0,116467.4,-1.0,-1.0,-1.0,0.0,0.0,0.0017910591289924671,0.0017910591289924671,0.9765103086137449,
2025-08-10,open,116467.4,119288.4,-1.0,-1.0,0.0,1.0,0.0005,-0.018586194791723742,-0.019086194791723743,0.9578724426474167,stop_loss
2025-08-11,open,119288.4,118724.5,-1.0,-1.0,0.0,2.0,0.001,-0.00990099009900991,-0.01090099009900991,0.9474306846340027,stop_loss
2025-08-12,open,118724.5,120172.1,-1.0,-1.0,0.0,2.0,0.001,-0.00990099009900991,-0.01090099009900991,0.9371027521213092,stop_loss
2025-08-13,open,120172.1,123354.3,-1.0,-1.0,0.0,2.0,0.001,-0.00990099009900991,-0.01090099009900991,0.9268874042986799,stop_loss
2025-08-14,open,123354.3,118383.1,-1.0,-1.0,0.0,2.0,0.001,0.020408163265306145,0.019408163265306144,0.9448765863698644,take_profit
2025-08-15,open,118383.1,117426.7,-1.0,-1.0,-1.0,1.0,0.0005,0.008144655346697283,0.007644655346697282,0.9520998422178258,
2025-08-16,open,117426.7,117487.5,-1.0,-1.0,-1.0,0.0,0.0,-0.0005175018619002492,-0.0005175018619002492,0.9516071287767632,
2025-08-17,open,117487.5,117441.3,-1.0,-1.0,-1.0,0.0,0.0,0.00039338801597055273,0.00039338801597055273,0.9519814796171362,
2025-08-18,open,117441.3,116259.9,-1.0,-1.0,0.0,1.0,0.0005,0.01229027812660588,0.01179027812660588,0.9632056060332,take_profit
2025-08-19,open,116259.9,112830.4,-1.0,-1.0,0.0,2.0,0.001,0.020408163265306145,0.019408163265306144,0.9818996576931505,take_profit
2025-08-20,open,112830.4,114273.8,-1.0,-1.0,0.0,2.0,0.001,-0.00990099009900991,-0.01090099009900991,0.9711959792464162,stop_loss
2025-08-21,open,114273.8,112475.0,-1.0,-1.0,-1.0,1.0,0.0005,0.01599288730829085,0.015492887308290848,0.9862426091071461,
2025-08-22,open,112475.0,116817.9,-1.0,-1.0,0.0,1.0,0.0005,-0.025486278231634407,-0.025986278231634408,0.9606138342629947,stop_loss
2025-08-23,open,116817.9,115344.1,-1.0,-1.0,-1.0,1.0,0.0005,0.012777419911378152,0.012277419911378151,0.9724076936789205,
2025-08-24,open,115344.1,113456.1,-1.0,-1.0,0.0,1.0,0.0005,0.007534472238328371,0.007034472238328371,0.9792480686044419,take_profit
2025-08-25,open,113456.1,110145.0,-1.0,-1.0,0.0,2.0,0.001,0.020408163265306145,0.019408163265306144,0.9982534749971526,take_profit
2025-08-26,open,110145.0,111829.3,-1.0,-1.0,0.0,2.0,0.001,-0.00990099009900991,-0.01090099009900991,0.9873715237499063,stop_loss
2025-08-27,open,111829.3,111268.6,-1.0,-1.0,-1.0,1.0,0.0005,0.0050391574981620835,0.004539157498162083,0.9918533586054075,
2025-08-28,open,111268.6,112563.7,-1.0,-1.0,0.0,1.0,0.0005,-0.014865239315015821,-0.015365239315015822,0.9766132943850331,stop_loss
2025-08-29,open,112563.7,108400.1,-1.0,-1.0,0.0,2.0,0.001,0.020408163265306145,0.019408163265306144,0.9955675646495262,take_profit
2025-08-30,open,108400.1,108750.0,-1.0,-1.0,-1.0,1.0,0.0005,-0.003217471264367777,-0.003717471264367777,0.9918665708362051,
2025-08-31,open,108750.0,108250.1,-1.0,-1.0,0.0,1.0,0.0005,-0.006705092276366287,-0.007205092276366287,0.9847200806674873,stop_loss
2025-09-01,open,108250.1,109258.5,-1.0,-1.0,0.0,2.0,0.001,-0.00990099009900991,-0.01090099009900991,0.9739856568178348,stop_loss
2025-09-02,open,109258.5,111196.9,-1.0,-1.0,0.0,2.0,0.001,-0.00990099009900991,-0.01090099009900991,0.9633682488162859,stop_loss
2025-09-03,open,111196.9,111771.1,-1.0,-1.0,0.0,2.0,0.001,-0.00990099009900991,-0.01090099009900991,0.952866581074239,stop_loss
2025-09-04,open,111771.1,110744.4,-1.0,-1.0,0.0,2.0,0.001,0.020408163265306145,0.019408163265306144,0.9713599712497818,take_profit
2025-09-05,open,110744.4,110647.8,-1.0,-1.0,0.0,2.0,0.001,-0.00990099009900991,-0.01090099009900991,0.9607711858206134,stop_loss
2025-09-06,open,110647.8,110254.9,-1.0,-1.0,-1.0,1.0,0.0005,0.0035635604403978505,0.0030635604403978505,0.9637145664177676,
2025-09-07,open,110254.9,111152.8,-1.0,-1.0,-1.0,0.0,0.0,-0.008078069108470531,-0.008078069108470531,0.9559296135494052,
2025-09-08,open,111152.8,112050.1,-1.0,-1.0,0.0,1.0,0.0005,-0.005382147428843909,-0.005882147428843909,0.9503066946309098,stop_loss
2025-09-09,open,112050.1,111541.0,-1.0,-1.0,0.0,2.0,0.001,-0.00990099009900991,-0.01090099009900991,0.9399474107617154,stop_loss
2025-09-10,open,111541.0,113952.8,-1.0,-1.0,0.0,2.0,0.001,-0.00990099009900991,-0.01090099009900991,0.9297010533434119,stop_loss
2025-09-11,open,113952.8,115500.0,-1.0,-1.0,0.0,2.0,0.001,-0.00990099009900991,-0.01090099009900991,0.9195663913658763,stop_loss
2025-09-12,open,115500.0,116111.7,-1.0,-1.0,0.0,2.0,0.001,-0.00990099009900991,-0.01090099009900991,0.9095422072382146,stop_loss
2025-09-13,open,116111.7,115949.1,-1.0,-1.0,-1.0,1.0,0.0005,0.001402339474821268,0.0009023394748212681,0.9103629230758217,
2025-09-14,open,115949.1,115390.6,-1.0,-1.0,-1.0,0.0,0.0,0.004840082294398362,0.004840082294398362,0.9147691545412777,
2025-09-15,open,115390.6,115375.0,-1.0,-1.0,-1.0,0.0,0.0,0.0001352112676056283,0.0001352112676056283,0.9148928416382298,
2025-09-16,open,115375.0,116764.2,-1.0,-1.0,-1.0,0.0,0.0,-0.011897482276245652,-0.011897482276245652,0.904007920270175,
2025-09-17,open,116764.2,116469.1,-1.0,-1.0,0.0,1.0,0.0005,-0.004337040867705921,-0.004837040867705922,0.8996351970150983,stop_loss
2025-09-18,open,116469.1,117135.8,-1.0,-1.0,0.0,2.0,0.001,-0.00990099009900991,-0.01090099009900991,0.8898282826397159,stop_loss
2025-09-19,open,117135.8,115677.2,-1.0,-1.0,-1.0,1.0,0.0005,0.012609226364400206,0.012109226364400205,0.9006034147396458,
2025-09-20,open,115677.2,115739.1,-1.0,-1.0,-1.0,0.0,0.0,-0.0005348235816591274,-0.0005348235816591274,0.9001217507957203,
2025-09-21,open,115739.1,115299.0,-1.0,-1.0,-1.0,0.0,0.0,0.0038170322379205146,0.0038170322379205146,0.903557544536561,
2025-09-22,open,115299.0,112747.8,-1.0,-1.0,0.0,1.0,0.0005,0.004407199304794274,0.003907199304794273,0.9070879239464159,take_profit
2025-09-23,open,112747.8,112001.5,-1.0,-1.0,-1.0,1.0,0.0005,0.006663303616469385,0.006163303616469384,0.9126785822285306,
2025-09-24,open,112001.5,113300.0,-1.0,-1.0,0.0,1.0,0.0005,-0.01645465137744828,-0.016954651377448282,0.8972044350471821,stop_loss
2025-09-25,open,113300.0,109049.8,-1.0,-1.0,0.0,2.0,0.001,0.020408163265306145,0.019408163265306144,0.9146175252049344,take_profit
2025-09-26,open,109049.8,109706.4,-1.0,-1.0,0.0,2.0,0.001,-0.00990099009900991,-0.01090099009900991,0.9046472886182945,stop_loss
2025-09-27,open,109706.4,109720.5,-1.0,-1.0,-1.0,1.0,0.0005,-0.00012850834620703466,-0.0006285083462070347,0.9040787102470244,
2025-09-28,open,109720.5,112127.8,-1.0,-1.0,0.0,1.0,0.0005,-0.009773737759678602,-0.010273737759678603,0.8947904426638379,stop_loss
2025-09-29,open,112127.8,114365.3,-1.0,-1.0,0.0,2.0,0.001,-0.00990099009900991,-0.01090099009900991,0.8850363409076707,stop_loss
2025-09-30,open,114365.3,113995.0,-1.0,-1.0,-1.0,1.0,0.0005,0.0032483880871967408,0.0027483880871967408,0.8874687642437575,
2025-10-01,open,113995.0,118600.0,-1.0,-1.0,0.0,1.0,0.0005,-0.01310680220605942,-0.01360680220605942,0.8753931523046368,stop_loss
2025-10-02,open,118600.0,120650.0,-1.0,-1.0,0.0,2.0,0.001,-0.00990099009900991,-0.01090099009900991,0.8658505002186229,stop_loss
2025-10-03,open,120650.0,122259.5,-1.0,-1.0,0.0,2.0,0.001,-0.00990099009900991,-0.01090099009900991,0.8564118724885169,stop_loss
2025-10-04,open,122259.5,122426.4,-1.0,-1.0,-1.0,1.0,0.0005,-0.0013632680532956742,-0.0018632680532956743,0.854816147606046,
2025-10-05,open,122426.4,123542.1,-1.0,-1.0,0.0,1.0,0.0005,-0.008549377138442726,-0.009049377138442727,0.847080593902328,stop_loss
2025-10-06,open,123542.1,124765.9,-1.0,-1.0,0.0,2.0,0.001,-0.00990099009900991,-0.01090099009900991,0.8378465767351353,stop_loss
2025-10-07,open,124765.9,121419.8,-1.0,-1.0,0.0,2.0,0.001,0.020408163265306145,0.019408163265306144,0.8541076398876886,take_profit
2025-10-08,open,121419.8,123329.8,-1.0,-1.0,0.0,2.0,0.001,-0.00990099009900991,-0.01090099009900991,0.8447970209617841,stop_loss
2025-10-09,open,123329.8,121699.0,-1.0,-1.0,0.0,2.0,0.001,0.020408163265306145,0.019408163265306144,0.8611929794706545,take_profit
2025-10-10,open,121699.0,113000.0,-1.0,-1.0,0.0,2.0,0.001,0.020408163265306145,0.019408163265306144,0.8779071534191564,take_profit
2025-10-11,open,113000.0,110775.2,-1.0,-1.0,0.0,2.0,0.001,0.020408163265306145,0.019408163265306144,0.8949457187844955,take_profit
2025-10-12,open,110775.2,115125.3,-1.0,-1.0,0.0,2.0,0.001,-0.00990099009901002,-0.010900990099010022,0.8851899243648743,stop_loss
2025-10-13,open,115125.3,115176.9,-1.0,-1.0,-1.0,1.0,0.0005,-0.0004480065013036105,-0.0009480065013036105,0.884350758561688,
2025-10-14,open,115176.9,113106.3,-1.0,-1.0,0.0,1.0,0.0005,0.020865517654171883,0.020365517654171883,0.9023610195476564,take_profit
2025-10-15,open,113106.3,110781.9,-1.0,-1.0,0.0,2.0,0.001,0.020408163265306145,0.019408163265306144,0.9198741895392852,take_profit
2025-10-16,open,110781.9,108182.3,-1.0,-1.0,0.0,2.0,0.001,-0.00990099009900991,-0.01090099009900991,0.9098466501067827,stop_loss
2025-10-17,open,108182.3,106451.0,1.0,-1.0,0.0,2.0,0.001,0.020408163265306145,0.019408163265306144,0.9275051024384469,take_profit
2025-10-18,open,106451.0,107199.0,-1.0,1.0,1.0,1.0,0.0005,0.0070267071234653145,0.006526707123465314,0.9335586565975823,
2025-10-19,open,107199.0,108669.8,-1.0,-1.0,0.0,3.0,0.0015,-0.00990099009900991,-0.011400990099009911,0.9229151635968682,stop_loss
2025-10-20,open,108669.8,110574.4,-1.0,-1.0,0.0,2.0,0.001,-0.00990099009900991,-0.01090099009900991,0.9128544745362727,stop_loss
2025-10-21,open,110574.4,108406.1,-1.0,-1.0,0.0,2.0,0.001,-0.00990099009900991,-0.01090099009900991,0.9029034569475158,stop_loss
2025-10-22,open,108406.1,107644.1,-1.0,-1.0,-1.0,1.0,0.0005,0.007078883097169308,0.006578883097169308,0.9088435532388036,
2025-10-23,open,107644.1,110080.0,-1.0,-1.0,0.0,1.0,0.0005,-0.016860519549331987,-0.017360519549331987,0.8930655569655169,stop_loss
2025-10-24,open,110080.0,111000.0,-1.0,-1.0,0.0,2.0,0.001,-0.00990099009900991,-0.01090099009900991,0.8833302581712691,stop_loss
2025-10-25,open,111000.0,111645.2,-1.0,-1.0,-1.0,1.0,0.0005,-0.005779021399934803,-0.006279021399934803,0.8777838085770017,
2025-10-26,open,111645.2,114510.0,-1.0,-1.0,0.0,1.0,0.0005,-0.004145928106324193,-0.004645928106324193,0.8737056881094575,stop_loss
2025-10-27,open,114510.0,114153.1,-1.0,-1.0,0.0,2.0,0.001,-0.00990099009900991,-0.01090099009900991,0.8641814310539276,stop_loss
2025-10-28,open,114153.1,112918.0,-1.0,-1.0,0.0,2.0,0.001,-0.00990099009900991,-0.01090099009900991,0.8547609978302606,stop_loss
2025-10-29,open,112918.0,110104.2,-1.0,-1.0,0.0,2.0,0.001,0.020408163265306145,0.019408163265306144,0.8713503388289662,take_profit
2025-10-30,open,110104.2,108302.7,-1.0,-1.0,0.0,2.0,0.001,-0.00990099009900991,-0.01090099009900991,0.8618517574126227,stop_loss
2025-10-31,open,108302.7,109552.7,-1.0,-1.0,0.0,2.0,0.001,-0.00990099009900991,-0.01090099009900991,0.8524567199382533,stop_loss
2025-11-01,open,109552.7,110018.0,-1.0,-1.0,-1.0,1.0,0.0005,-0.0042293079314293935,-0.004729307931429394,0.848425189611449,
2025-11-02,open,110018.0,110589.6,-1.0,-1.0,0.0,1.0,0.0005,-0.005695771338477873,-0.006195771338477873,0.8431685411388117,stop_loss
2025-11-03,open,110589.6,106538.3,-1.0,-1.0,0.0,2.0,0.001,0.020408163265306145,0.019408163265306144,0.8595328938454037,take_profit
2025-11-04,open,106538.3,101537.2,-1.0,-1.0,0.0,2.0,0.001,0.020408163265306145,0.019408163265306144,0.8762148485810562,take_profit
2025-11-05,open,101537.2,103900.0,-1.0,-1.0,0.0,2.0,0.001,-0.00990099009900991,-0.01090099009900991,0.8666632391920687,stop_loss
2025-11-06,open,103900.0,101290.1,-1.0,-1.0,0.0,2.0,0.001,0.020408163265306145,0.019408163265306144,0.8834835808343473,take_profit
2025-11-07,open,101290.1,103279.9,-1.0,-1.0,0.0,2.0,0.001,-0.00990099009900991,-0.01090099009900991,0.8738527350670343,stop_loss
2025-11-08,open,103279.9,102282.1,-1.0,-1.0,-1.0,1.0,0.0005,0.009755372640960491,0.00925537264096049,0.8819405677634022,
2025-11-09,open,102282.1,104729.9,-1.0,-1.0,0.0,1.0,0.0005,-0.019466460167040567,-0.019966460167040567,0.8643313365474571,stop_loss
2025-11-10,open,104729.9,105973.3,-1.0,-1.0,0.0,2.0,0.001,-0.00990099009900991,-0.01090099009900991,0.8549092692054893,stop_loss
2025-11-11,open,105973.3,103011.5,-1.0,-1.0,0.0,2.0,0.001,-0.00990099009901002,-0.010900990099010022,0.8455899117263284,stop_loss
2025-11-12,open,103011.5,101666.7,-1.0,-1.0,0.0,2.0,0.001,-0.00990099009900991,-0.01090099009900991,0.836372144470777,stop_loss
2025-11-13,open,101666.7,99680.1,-1.0,-1.0,0.0,2.0,0.001,-0.00990099009900991,-0.01090099009900991,0.8272548600048134,stop_loss
2025-11-14,open,99680.1,94500.1,1.0,-1.0,0.0,2.0,0.001,0.020408163265306145,0.019408163265306144,0.8433103573898048,take_profit
2025-11-15,open,94500.1,95538.0,1.0,1.0,0.0,2.0,0.001,0.020000000000000018,0.019000000000000017,0.8593332541802111,take_profit
2025-11-16,open,95538.0,94190.1,1.0,1.0,0.0,2.0,0.001,-0.010000000000000009,-0.01100000000000001,0.8498805883842288,stop_loss
2025-11-17,open,94190.1,92101.3,1.0,1.0,0.0,2.0,0.001,-0.010000000000000009,-0.01100000000000001,0.8405319019120022,stop_loss
2025-11-18,open,92101.3,92966.1,1.0,1.0,0.0,2.0,0.001,-0.01000000000000012,-0.01100000000000012,0.8312860509909701,stop_loss
2025-11-19,open,92966.1,91427.7,1.0,1.0,0.0,2.0,0.001,-0.01000000000000012,-0.01100000000000012,0.8221419044300693,stop_loss
2025-11-20,open,91427.7,86503.0,1.0,1.0,0.0,2.0,0.001,-0.010000000000000009,-0.01100000000000001,0.8130983434813385,stop_loss
2025-11-21,open,86503.0,85069.4,1.0,1.0,0.0,2.0,0.001,-0.010000000000000009,-0.01100000000000001,0.8041542617030437,stop_loss
2025-11-22,open,85069.4,84679.9,1.0,1.0,0.0,2.0,0.001,-0.010000000000000009,-0.01100000000000001,0.7953085648243102,stop_loss
2025-11-23,open,84679.9,86777.5,1.0,1.0,0.0,2.0,0.001,0.020000000000000018,0.019000000000000017,0.8104194275559722,take_profit
2025-11-24,open,86777.5,88275.0,1.0,1.0,0.0,2.0,0.001,-0.009999999999999898,-0.010999999999999899,0.8015048138528565,stop_loss
2025-11-25,open,88275.0,87326.4,1.0,1.0,0.0,2.0,0.001,-0.010000000000000009,-0.01100000000000001,0.7926882609004751,stop_loss
2025-11-26,open,87326.4,90535.7,-1.0,1.0,0.0,2.0,0.001,-0.009999999999999898,-0.010999999999999899,0.7839686900305699,stop_loss
2025-11-27,open,90535.7,91281.4,1.0,-1.0,0.0,2.0,0.001,-0.00990099009900991,-0.01090099009900991,0.7754226551026129,stop_loss
2025-11-28,open,91281.4,90912.7,1.0,1.0,0.0,2.0,0.001,-0.010000000000000009,-0.01100000000000001,0.7668930058964841,stop_loss
2025-11-29,open,90912.7,90833.6,1.0,1.0,1.0,1.0,0.0005,-0.0008700654584011813,-0.0013700654584011813,0.7658423122788159,
2025-11-30,open,90833.6,90373.9,1.0,1.0,1.0,0.0,0.0,-0.005060902573497117,-0.005060902573497117,0.761966458949711,
2025-12-01,open,90373.9,86300.0,1.0,1.0,0.0,1.0,0.0005,-0.004097720691482842,-0.004597720691482843,0.758463149995182,stop_loss
2025-12-02,open,86300.0,91313.5,1.0,1.0,0.0,2.0,0.001,0.020000000000000018,0.019000000000000017,0.7728739498450906,take_profit
2025-12-03,open,91313.5,93458.0,-1.0,1.0,0.0,2.0,0.001,0.020000000000000018,0.019000000000000017,0.7875585548921474,take_profit
2025-12-04,open,93458.0,92142.6,1.0,-1.0,0.0,2.0,0.001,0.020408163265306145,0.019408163265306144,0.8028436199064827,take_profit
2025-12-05,open,92142.6,89332.4,1.0,1.0,0.0,2.0,0.001,-0.01000000000000012,-0.01100000000000012,0.7940123400875113,stop_loss
2025-12-06,open,89332.4,89240.1,1.0,1.0,1.0,1.0,0.0005,-0.0010332197500569906,-0.0015332197500569906,0.7927949446859002,
2025-12-07,open,89240.1,90435.1,1.0,1.0,0.0,1.0,0.0005,-0.008976054486716345,-0.009476054486716345,0.7852823765932634,stop_loss
2025-12-08,open,90435.1,90650.1,1.0,1.0,0.0,2.0,0.001,0.020000000000000018,0.019000000000000017,0.8002027417485355,take_profit
2025-12-09,open,90650.1,92702.2,-1.0,1.0,0.0,2.0,0.001,-0.010000000000000009,-0.01100000000000001,0.7914005115893016,stop_loss
2025-12-10,open,92702.2,92019.8,1.0,-1.0,0.0,2.0,0.001,-0.00990099009900991,-0.01090099009900991,0.7827734624481152,stop_loss
2025-12-11,open,92019.8,92541.0,1.0,1.0,0.0,2.0,0.001,-0.010000000000000009,-0.01100000000000001,0.7741629543611859,stop_loss
2025-12-12,open,92541.0,90277.2,-1.0,1.0,0.0,2.0,0.001,-0.010000000000000009,-0.01100000000000001,0.7656471618632128,stop_loss
2025-12-13,open,90277.2,90254.2,1.0,-1.0,-1.0,1.0,0.0005,0.00025483578603546775,-0.00024516421396453226,0.7654594525786005,
2025-12-14,open,90254.2,88163.0,1.0,1.0,0.0,3.0,0.0015,-0.010000000000000009,-0.01150000000000001,0.7566566688739466,stop_loss
2025-12-15,open,88163.0,86434.3,1.0,1.0,0.0,2.0,0.001,-0.010000000000000009,-0.01100000000000001,0.7483334455163332,stop_loss
2025-12-16,open,86434.3,87840.7,1.0,1.0,0.0,2.0,0.001,-0.01000000000000012,-0.01100000000000012,0.7401017776156534,stop_loss
2025-12-17,open,87840.7,86205.5,1.0,1.0,0.0,2.0,0.001,-0.01000000000000012,-0.01100000000000012,0.7319606580618812,stop_loss
2025-12-18,open,86205.5,85461.0,1.0,1.0,0.0,2.0,0.001,-0.01000000000000012,-0.01100000000000012,0.7239090908232003,stop_loss
2025-12-19,open,85461.0,88105.2,1.0,1.0,0.0,2.0,0.001,0.020000000000000018,0.019000000000000017,0.7376633635488412,take_profit
2025-12-20,open,88105.2,88338.1,1.0,1.0,1.0,1.0,0.0005,0.0026434308077163404,0.0021434308077163404,0.7392444939279955,
2025-12-21,open,88338.1,88623.7,1.0,1.0,1.0,0.0,0.0,0.0032330330853842515,0.0032330330853842515,0.7416344958350528,
2025-12-22,open,88623.7,88550.5,1.0,1.0,0.0,1.0,0.0005,0.014032408938015495,0.013532408938015494,0.7516705971152318,take_profit
2025-12-23,open,88550.5,87416.4,1.0,1.0,0.0,2.0,0.001,-0.010000000000000009,-0.01100000000000001,0.7434022205469643,stop_loss
2025-12-24,open,87416.4,87613.7,1.0,1.0,0.0,2.0,0.001,-0.010000000000000009,-0.01100000000000001,0.7352247961209476,stop_loss
2025-12-25,open,87613.7,87183.0,1.0,1.0,1.0,1.0,0.0005,-0.004915897856157203,-0.0054158978561572035,0.7312428937238425,
2025-12-26,open,87183.0,87303.6,1.0,1.0,0.0,1.0,0.0005,-0.005109218540311766,-0.005609218540311767,0.7271411925268955,stop_loss
2025-12-27,open,87303.6,87814.4,1.0,1.0,1.0,1.0,0.0005,0.005850846929565279,0.005350846929565278,0.7310320137442885,
2025-12-28,open,87814.4,87865.9,-1.0,1.0,1.0,0.0,0.0,0.0005864641789956604,0.0005864641789956604,0.7314607378340486,
2025-12-29,open,87865.9,87135.1,-1.0,-1.0,0.0,3.0,0.0015,-0.00990099009900991,-0.011400990099009911,0.7231213612041881,stop_loss
2025-12-30,open,87135.1,88400.1,-1.0,-1.0,0.0,2.0,0.001,-0.009900990099009799,-0.0109009900990098,0.7152386224053188,stop_loss
2025-12-31,open,88400.1,87500.2,-1.0,-1.0,-1.0,1.0,0.0005,0.010284547921033393,0.009784547921033393,0.7222369089812175,
2026-01-01,open,87500.2,88730.0,-1.0,-1.0,-1.0,0.0,0.0,-0.013860024794319914,-0.013860024794319914,0.7122266875153649,
2026-01-02,open,88730.0,89934.0,-1.0,-1.0,0.0,1.0,0.0005,-0.0062060433357559175,-0.006706043335755918,0.707450464484005,stop_loss
2026-01-03,open,89934.0,90590.1,-1.0,-1.0,-1.0,1.0,0.0005,-0.007242513254759664,-0.007742513254759664,0.7019730198856516,
2026-01-04,open,90590.1,91507.0,-1.0,-1.0,0.0,1.0,0.0005,-0.0026778713630919437,-0.0031778713630919437,0.6997422399280939,stop_loss
2026-01-05,open,91507.0,93866.9,-1.0,-1.0,0.0,2.0,0.001,-0.00990099009901002,-0.010900990099010022,0.6921143566987786,stop_loss
2026-01-06,open,93866.9,93711.8,1.0,-1.0,0.0,2.0,0.001,0.020408163265306145,0.019408163265306144,0.7055470251318507,take_profit
2026-01-07,open,93711.8,91273.3,-1.0,1.0,0.0,2.0,0.001,-0.010000000000000009,-0.01100000000000001,0.6977860078554003,stop_loss
2026-01-08,open,91273.3,91029.1,1.0,-1.0,0.0,2.0,0.001,0.020408163265306145,0.019408163265306144,0.7113287526201041,take_profit
2026-01-09,open,91029.1,90513.3,1.0,1.0,0.0,2.0,0.001,-0.010000000000000009,-0.01100000000000001,0.703504136341283,stop_loss
2026-01-10,open,90513.3,90375.2,1.0,1.0,1.0,1.0,0.0005,-0.0015257426256694018,-0.002025742625669402,0.7020790180249618,
2026-01-11,open,90375.2,90861.1,1.0,1.0,1.0,0.0,0.0,0.005376474962157873,0.005376474962157873,0.7058537282868294,
2026-01-12,open,90861.1,91191.0,1.0,1.0,0.0,1.0,0.0005,0.016095622879318094,0.015595622879318094,0.7168619568411514,take_profit
2026-01-13,open,91191.0,95358.2,1.0,1.0,0.0,2.0,0.001,0.020000000000000018,0.019000000000000017,0.7304823340211334,take_profit
2026-01-14,open,95358.2,96933.4,-1.0,1.0,0.0,2.0,0.001,0.020000000000000018,0.019000000000000017,0.744361498367535,take_profit
2026-01-15,open,96933.4,95559.5,1.0,-1.0,-1.0,1.0,0.0005,0.01437742976888745,0.01387742976888745,0.7546913227837942,
2026-01-16,open,95559.5,95510.3,1.0,1.0,0.0,3.0,0.0015,-0.010000000000000009,-0.01150000000000001,0.7460123725717805,stop_loss
