Date,close,ret,signal,position,turnover,cost,strategy_ret,equity
2024-02-02,2306.46,,0.0,0.0,0.0,0.0,0.0,1.0
2024-02-03,2294.43,-0.005215785229312542,0.0,0.0,0.0,0.0,-0.0,1.0
2024-02-04,2288.62,-0.002532219331162877,0.0,0.0,0.0,0.0,-0.0,1.0
2024-02-05,2299.02,0.004544223156312643,0.0,0.0,0.0,0.0,0.0,1.0
2024-02-06,2372.13,0.031800506302685605,0.0,0.0,0.0,0.0,0.0,1.0
2024-02-07,2423.67,0.0217273083684284,0.0,0.0,0.0,0.0,0.0,1.0
2024-02-08,2419.62,-0.0016710195694958907,0.0,0.0,0.0,0.0,-0.0,1.0
2024-02-09,2487.21,0.02793413841842951,0.0,0.0,0.0,0.0,0.0,1.0
2024-02-10,2500.02,0.005150349186437753,0.0,0.0,0.0,0.0,0.0,1.0
2024-02-11,2507.02,0.0027999776001792487,0.0,0.0,0.0,0.0,0.0,1.0
2024-02-12,2659.0,0.06062177405844382,0.0,0.0,0.0,0.0,0.0,1.0
2024-02-13,2641.74,-0.0064911620910117485,0.0,0.0,0.0,0.0,-0.0,1.0
2024-02-14,2777.76,0.051488791478343954,0.0,0.0,0.0,0.0,0.0,1.0
2024-02-15,2823.61,0.016506105639076063,0.0,0.0,0.0,0.0,0.0,1.0
2024-02-16,2804.13,-0.006898969758571516,0.0,0.0,0.0,0.0,-0.0,1.0
2024-02-17,2787.7,-0.005859214801025692,0.0,0.0,0.0,0.0,-0.0,1.0
2024-02-18,2881.49,0.033644222836029636,0.0,0.0,0.0,0.0,0.0,1.0
2024-02-19,2943.97,0.021683226386348675,0.0,0.0,0.0,0.0,0.0,1.0
2024-02-20,3016.33,0.0245790548137379,0.0,0.0,0.0,0.0,0.0,1.0
2024-02-21,2971.37,-0.014905530893502994,0.0,0.0,0.0,0.0,-0.0,1.0
2024-02-22,2970.33,-0.0003500068991744154,0.0,0.0,0.0,0.0,-0.0,1.0
2024-02-23,2921.96,-0.016284385909983046,0.0,0.0,0.0,0.0,-0.0,1.0
2024-02-24,2990.81,0.023562950895973822,0.0,0.0,0.0,0.0,0.0,1.0
2024-02-25,3112.8,0.04078828143546409,0.0,0.0,0.0,0.0,0.0,1.0
2024-02-26,3178.69,0.021167437676689715,0.0,0.0,0.0,0.0,0.0,1.0
2024-02-27,3244.25,0.020624848601153323,0.0,0.0,0.0,0.0,0.0,1.0
2024-02-28,3385.53,0.043547815365647,0.0,0.0,0.0,0.0,0.0,1.0
2024-02-29,3342.6,-0.01268043703644639,0.0,0.0,0.0,0.0,-0.0,1.0
2024-03-01,3436.26,0.028020104110572763,0.0,0.0,0.0,0.0,0.0,1.0
2024-03-02,3421.49,-0.0042982777787479165,0.0,0.0,0.0,0.0,-0.0,1.0
2024-03-03,3489.54,0.019888995729930636,0.0,0.0,0.0,0.0,0.0,1.0
2024-03-04,3631.23,0.04060420571192758,0.0,0.0,0.0,0.0,0.0,1.0
2024-03-05,3560.01,-0.01961318891945696,0.0,0.0,0.0,0.0,-0.0,1.0
2024-03-06,3817.95,0.07245485265490825,0.0,0.0,0.0,0.0,0.0,1.0
2024-03-07,3872.54,0.014298249060359591,0.0,0.0,0.0,0.0,0.0,1.0
2024-03-08,3892.23,0.00508451817153599,0.0,0.0,0.0,0.0,0.0,1.0
2024-03-09,3914.01,0.00559576386801397,0.0,0.0,0.0,0.0,0.0,1.0
2024-03-10,3880.98,-0.008438915587849816,0.0,0.0,0.0,0.0,-0.0,1.0
2024-03-11,4065.29,0.04749058227561087,0.0,0.0,0.0,0.0,0.0,1.0
2024-03-12,3980.4,-0.020881659119029616,0.0,0.0,0.0,0.0,-0.0,1.0
2024-03-13,4007.21,0.006735503969450329,0.0,0.0,0.0,0.0,0.0,1.0
2024-03-14,3880.78,-0.03155062998944402,0.0,0.0,0.0,0.0,-0.0,1.0
2024-03-15,3738.0,-0.03679157282814283,0.0,0.0,0.0,0.0,-0.0,1.0
2024-03-16,3520.27,-0.0582477260567148,0.0,0.0,0.0,0.0,-0.0,1.0
2024-03-17,3642.62,0.034755856795075424,0.0,0.0,0.0,0.0,0.0,1.0
2024-03-18,3518.43,-0.034093591975007054,0.0,0.0,0.0,0.0,-0.0,1.0
2024-03-19,3162.42,-0.10118433505853452,0.0,0.0,0.0,0.0,-0.0,1.0
2024-03-20,3515.43,0.11162653916937026,0.0,0.0,0.0,0.0,0.0,1.0
2024-03-21,3492.49,-0.006525517504259781,0.0,0.0,0.0,0.0,-0.0,1.0
2024-03-22,3335.09,-0.04506813190588943,0.0,0.0,0.0,0.0,-0.0,1.0
2024-03-23,3332.7,-0.0007166223400268956,0.0,0.0,0.0,0.0,-0.0,1.0
2024-03-24,3454.03,0.03640591712425367,0.0,0.0,0.0,0.0,0.0,1.0
2024-03-25,3591.3,0.03974198255371264,0.0,0.0,0.0,0.0,0.0,1.0
2024-03-26,3587.04,-0.001186199983293057,0.0,0.0,0.0,0.0,-0.0,1.0
2024-03-27,3498.52,-0.024677728712253044,0.0,0.0,0.0,0.0,-0.0,1.0
2024-03-28,3562.69,0.018342041777666074,0.0,0.0,0.0,0.0,0.0,1.0
2024-03-29,3511.68,-0.014317832873474878,0.0,0.0,0.0,0.0,-0.0,1.0
2024-03-30,3508.28,-0.0009681975578639257,0.0,0.0,0.0,0.0,-0.0,1.0
2024-03-31,3647.72,0.0397459723853284,0.0,0.0,0.0,0.0,0.0,1.0
2024-04-01,3505.48,-0.03899422104766803,0.0,0.0,0.0,0.0,-0.0,1.0
2024-04-02,3278.03,-0.06488412428540447,0.0,0.0,0.0,0.0,-0.0,1.0
2024-04-03,3312.28,0.010448348550806452,0.0,0.0,0.0,0.0,0.0,1.0
2024-04-04,3329.56,0.005216950257828312,0.0,0.0,0.0,0.0,0.0,1.0
2024-04-05,3320.55,-0.0027060632636143334,0.0,0.0,0.0,0.0,-0.0,1.0
2024-04-06,3354.95,0.010359729562873454,0.0,0.0,0.0,0.0,0.0,1.0
2024-04-07,3454.03,0.029532481855169435,0.0,0.0,0.0,0.0,0.0,1.0
2024-04-08,3694.38,0.06958538287160221,0.0,0.0,0.0,0.0,0.0,1.0
2024-04-09,3505.69,-0.05107487589257198,0.0,0.0,0.0,0.0,-0.0,1.0
2024-04-10,3543.42,0.010762503244724941,0.0,0.0,0.0,0.0,0.0,1.0
2024-04-11,3505.25,-0.010772078951972963,0.0,0.0,0.0,0.0,-0.0,1.0
2024-04-12,3240.1,-0.0756436773411312,0.0,0.0,0.0,0.0,-0.0,1.0
2024-04-13,3013.12,-0.07005339341378358,0.0,0.0,0.0,0.0,-0.0,1.0
2024-04-14,3155.99,0.04741596750212396,0.0,0.0,0.0,0.0,0.0,1.0
2024-04-15,3101.38,-0.017303603623585517,0.0,0.0,0.0,0.0,-0.0,1.0
2024-04-16,3084.92,-0.005307314808246644,0.0,0.0,0.0,0.0,-0.0,1.0
2024-04-17,2985.4,-0.032260155854933026,0.0,0.0,0.0,0.0,-0.0,1.0
2024-04-18,3064.51,0.026498961613184102,0.0,0.0,0.0,0.0,0.0,1.0
2024-04-19,3058.52,-0.0019546354882183925,0.0,0.0,0.0,0.0,-0.0,1.0
2024-04-20,3157.67,0.03241763990426749,0.0,0.0,0.0,0.0,0.0,1.0
2024-04-21,3148.05,-0.0030465501461520716,0.0,0.0,0.0,0.0,-0.0,1.0
2024-04-22,3202.0,0.01713759311319696,0.0,0.0,0.0,0.0,0.0,1.0
2024-04-23,3220.02,0.005627732667083052,0.0,0.0,0.0,0.0,0.0,1.0
2024-04-24,3138.84,-0.025211023534015276,0.0,0.0,0.0,0.0,-0.0,1.0
2024-04-25,3155.68,0.005365039313886655,0.0,0.0,0.0,0.0,0.0,1.0
2024-04-26,3129.96,-0.008150382801804912,0.0,0.0,0.0,0.0,-0.0,1.0
2024-04-27,3252.62,0.03918899922043728,0.0,0.0,0.0,0.0,0.0,1.0
2024-04-28,3262.02,0.002889977925487841,0.0,0.0,0.0,0.0,0.0,1.0
2024-04-29,3216.18,-0.014052642227822099,0.0,0.0,0.0,0.0,-0.0,1.0
2024-04-30,3010.62,-0.0639143331529951,0.0,0.0,0.0,0.0,-0.0,1.0
2024-05-01,2970.02,-0.013485594329407213,0.0,0.0,0.0,0.0,-0.0,1.0
2024-05-02,2987.85,0.006003326576925483,0.0,0.0,0.0,0.0,0.0,1.0
2024-05-03,3104.77,0.03913181719296488,0.0,0.0,0.0,0.0,0.0,1.0
2024-05-04,3117.78,0.004190326497615082,0.0,0.0,0.0,0.0,0.0,1.0
2024-05-05,3137.54,0.0063378429523570645,0.0,0.0,0.0,0.0,0.0,1.0
2024-05-06,3063.02,-0.023751091619549025,0.0,0.0,0.0,0.0,-0.0,1.0
2024-05-07,3005.14,-0.01889638330797716,0.0,0.0,0.0,0.0,-0.0,1.0
2024-05-08,2972.86,-0.01074159606540781,0.0,0.0,0.0,0.0,-0.0,1.0
2024-05-09,3036.25,0.021322901179335663,0.0,0.0,0.0,0.0,0.0,1.0
2024-05-10,2909.56,-0.04172581309180734,0.0,0.0,0.0,0.0,-0.0,1.0
2024-05-11,2910.11,0.00018903201858710972,0.0,0.0,0.0,0.0,0.0,1.0
2024-05-12,2929.17,0.006549580600045957,0.0,0.0,0.0,0.0,0.0,1.0
2024-05-13,2948.99,0.0067664218874288196,0.0,0.0,0.0,0.0,0.0,1.0
2024-05-14,2881.49,-0.02288919257101585,0.0,0.0,0.0,0.0,-0.0,1.0
2024-05-15,3033.23,0.05266025563163512,0.0,0.0,0.0,0.0,0.0,1.0
2024-05-16,2944.48,-0.029259238501531337,0.0,0.0,0.0,0.0,-0.0,1.0
2024-05-17,3093.54,0.050623539640276105,0.0,0.0,0.0,0.0,0.0,1.0
2024-05-18,3121.37,0.008996166204413125,0.0,0.0,0.0,0.0,0.0,1.0
2024-05-19,3071.79,-0.01588405091354117,0.0,0.0,0.0,0.0,-0.0,1.0
2024-05-20,3661.3,0.19191090536788002,0.0,0.0,0.0,0.0,0.0,1.0
2024-05-21,3789.23,0.03494114112473712,0.0,0.0,0.0,0.0,0.0,1.0
2024-05-22,3736.82,-0.013831306096489193,0.0,0.0,0.0,0.0,-0.0,1.0
2024-05-23,3780.86,0.011785421829255904,0.0,0.0,0.0,0.0,0.0,1.0
2024-05-24,3726.37,-0.01441206497992531,0.0,0.0,0.0,0.0,-0.0,1.0
2024-05-25,3749.32,0.006158808706596464,0.0,0.0,0.0,0.0,0.0,1.0
2024-05-26,3824.85,0.020144986290847378,0.0,0.0,0.0,0.0,0.0,1.0
2024-05-27,3892.1,0.017582388851850483,0.0,0.0,0.0,0.0,0.0,1.0
2024-05-28,3839.98,-0.01339122838570439,0.0,0.0,0.0,0.0,-0.0,1.0
2024-05-29,3762.39,-0.02020583440538759,0.0,0.0,0.0,0.0,-0.0,1.0
2024-05-30,3746.05,-0.004342984113821169,0.0,0.0,0.0,0.0,-0.0,1.0
2024-05-31,3758.2,0.003243416398606369,0.0,0.0,0.0,0.0,0.0,1.0
2024-06-01,3813.41,0.014690543345218465,0.0,0.0,0.0,0.0,0.0,1.0
2024-06-02,3779.48,-0.008897548388450138,0.0,0.0,0.0,0.0,-0.0,1.0
2024-06-03,3765.89,-0.003595732746303759,0.0,0.0,0.0,0.0,-0.0,1.0
2024-06-04,3813.01,0.012512314486084364,0.0,0.0,0.0,0.0,0.0,1.0
2024-06-05,3866.35,0.013988948363628628,0.0,0.0,0.0,0.0,0.0,1.0
2024-06-06,3811.83,-0.01410115483595642,0.0,0.0,0.0,0.0,-0.0,1.0
2024-06-07,3676.69,-0.0354527877686045,0.0,0.0,0.0,0.0,-0.0,1.0
2024-06-08,3680.04,0.0009111456228292347,0.0,0.0,0.0,0.0,0.0,1.0
2024-06-09,3705.8,0.006999923913870498,0.0,0.0,0.0,0.0,0.0,1.0
2024-06-10,3664.38,-0.011177073776242663,0.0,0.0,0.0,0.0,-0.0,1.0
2024-06-11,3497.85,-0.04544561426489613,0.0,0.0,0.0,0.0,-0.0,1.0
2024-06-12,3559.28,0.017562216790314222,0.0,0.0,0.0,0.0,0.0,1.0
2024-06-13,3468.9,-0.0253927760670698,0.0,0.0,0.0,0.0,-0.0,1.0
2024-06-14,3480.1,0.0032286892098358777,0.0,0.0,0.0,0.0,0.0,1.0
2024-06-15,3564.36,0.024211947932530675,0.0,0.0,0.0,0.0,0.0,1.0
2024-06-16,3620.19,0.015663401003265687,0.0,0.0,0.0,0.0,0.0,1.0
2024-06-17,3511.23,-0.0300978677914695,0.0,0.0,0.0,0.0,-0.0,1.0
2024-06-18,3481.86,-0.008364590186344945,0.0,0.0,0.0,0.0,-0.0,1.0
2024-06-19,3557.63,0.021761357435393647,0.0,0.0,0.0,0.0,0.0,1.0
2024-06-20,3511.96,-0.012837197797410105,0.0,0.0,0.0,0.0,-0.0,1.0
2024-06-21,3517.25,0.0015062813927264607,0.0,0.0,0.0,0.0,0.0,1.0
2024-06-22,3495.55,-0.006169592721586459,0.0,0.0,0.0,0.0,-0.0,1.0
2024-06-23,3418.34,-0.022088083420348736,0.0,0.0,0.0,0.0,-0.0,1.0
2024-06-24,3350.33,-0.019895621851542034,0.0,0.0,0.0,0.0,-0.0,1.0
2024-06-25,3394.93,0.013312121492509599,0.0,0.0,0.0,0.0,0.0,1.0
2024-06-26,3367.66,-0.008032566209023484,0.0,0.0,0.0,0.0,-0.0,1.0
2024-06-27,3445.39,0.0230813086831807,0.0,0.0,0.0,0.0,0.0,1.0
2024-06-28,3374.22,-0.020656587498077195,0.0,0.0,0.0,0.0,-0.0,1.0
2024-06-29,3372.93,-0.0003823105784447334,0.0,0.0,0.0,0.0,-0.0,1.0
2024-06-30,3432.23,0.01758115347783673,0.0,0.0,0.0,0.0,0.0,1.0
2024-07-01,3438.36,0.001786010844261554,0.0,0.0,0.0,0.0,0.0,1.0
2024-07-02,3415.81,-0.006558359217766707,0.0,0.0,0.0,0.0,-0.0,1.0
2024-07-03,3292.88,-0.03598853566211235,0.0,0.0,0.0,0.0,-0.0,1.0
2024-07-04,3057.47,-0.07149061004348789,0.0,0.0,0.0,0.0,-0.0,1.0
2024-07-05,2981.95,-0.02470016059029201,0.0,0.0,0.0,0.0,-0.0,1.0
2024-07-06,3068.53,0.029034692063917955,0.0,0.0,0.0,0.0,0.0,1.0
2024-07-07,2929.7,-0.0452431620352417,0.0,0.0,0.0,0.0,-0.0,1.0
2024-07-08,3017.22,0.02987336587363898,0.0,0.0,0.0,0.0,0.0,1.0
2024-07-09,3066.5,0.01633291573037443,0.0,0.0,0.0,0.0,0.0,1.0
2024-07-10,3102.21,0.01164519810859277,0.0,0.0,0.0,0.0,0.0,1.0
2024-07-11,3098.64,-0.0011507924995407537,0.0,0.0,0.0,0.0,-0.0,1.0
2024-07-12,3133.65,0.011298505150646898,0.0,0.0,0.0,0.0,0.0,1.0
2024-07-13,3177.16,0.013884766965040596,0.0,0.0,0.0,0.0,0.0,1.0
2024-07-14,3246.69,0.021884324365156305,0.0,0.0,0.0,0.0,0.0,1.0
2024-07-15,3486.35,0.0738167179496656,0.0,0.0,0.0,0.0,0.0,1.0
2024-07-16,3442.5,-0.012577624162806389,0.0,0.0,0.0,0.0,-0.0,1.0
2024-07-17,3387.54,-0.015965141612200417,0.0,0.0,0.0,0.0,-0.0,1.0
2024-07-18,3425.49,0.011202819745301795,0.0,0.0,0.0,0.0,0.0,1.0
2024-07-19,3505.15,0.02325506715827519,0.0,0.0,0.0,0.0,0.0,1.0
2024-07-20,3518.62,0.003842916850919309,0.0,0.0,0.0,0.0,0.0,1.0
2024-07-21,3534.56,0.004530185129397291,0.0,0.0,0.0,0.0,0.0,1.0
2024-07-22,3440.38,-0.026645466479561786,0.0,0.0,0.0,0.0,-0.0,1.0
2024-07-23,3480.96,0.011795208668809787,0.0,0.0,0.0,0.0,0.0,1.0
2024-07-24,3336.11,-0.04161208402279826,0.0,0.0,0.0,0.0,-0.0,1.0
2024-07-25,3173.35,-0.048787360129012636,0.0,0.0,0.0,0.0,-0.0,1.0
2024-07-26,3275.76,0.032271889328312486,0.0,0.0,0.0,0.0,0.0,1.0
2024-07-27,3249.22,-0.008101936649815733,0.0,0.0,0.0,0.0,-0.0,1.0
2024-07-28,3270.02,0.006401536368728644,0.0,0.0,0.0,0.0,0.0,1.0
2024-07-29,3319.69,0.015189509544284219,0.0,0.0,0.0,0.0,0.0,1.0
2024-07-30,3278.39,-0.012440920688377544,0.0,0.0,0.0,0.0,-0.0,1.0
2024-07-31,3230.87,-0.014494919762444325,0.0,0.0,0.0,0.0,-0.0,1.0
2024-08-01,3201.93,-0.008957339663929531,0.0,0.0,0.0,0.0,-0.0,1.0
2024-08-02,2985.96,-0.06744994425237272,0.0,0.0,0.0,0.0,-0.0,1.0
2024-08-03,2902.03,-0.02810821310399325,0.0,0.0,0.0,0.0,-0.0,1.0
2024-08-04,2687.17,-0.07403782869232922,0.0,0.0,0.0,0.0,-0.0,1.0
2024-08-05,2417.54,-0.10033976264992539,0.0,0.0,0.0,0.0,-0.0,1.0
2024-08-06,2461.39,0.018138272789695264,0.0,0.0,0.0,0.0,0.0,1.0
2024-08-07,2343.07,-0.048070399245954354,0.0,0.0,0.0,0.0,-0.0,1.0
2024-08-08,2685.81,0.1462781735074068,0.0,0.0,0.0,0.0,0.0,1.0
2024-08-09,2600.02,-0.03194194674977002,0.0,0.0,0.0,0.0,-0.0,1.0
2024-08-10,2609.2,0.003530742071214732,0.0,0.0,0.0,0.0,0.0,1.0
2024-08-11,2553.06,-0.021516173539782302,0.0,0.0,0.0,0.0,-0.0,1.0
2024-08-12,2723.29,0.06667685052446859,0.0,0.0,0.0,0.0,0.0,1.0
2024-08-13,2703.0,-0.007450546948727488,0.0,0.0,0.0,0.0,-0.0,1.0
2024-08-14,2664.15,-0.014372918978912241,0.0,0.0,0.0,0.0,-0.0,1.0
2024-08-15,2570.08,-0.035309573409905703,0.0,0.0,0.0,0.0,-0.0,1.0
2024-08-16,2593.43,0.009085320301313482,0.0,0.0,0.0,0.0,0.0,1.0
2024-08-17,2613.74,0.00783132762403449,0.0,0.0,0.0,0.0,0.0,1.0
2024-08-18,2612.65,-0.00041702694223588743,0.0,0.0,0.0,0.0,-0.0,1.0
2024-08-19,2637.92,0.00967217193271197,0.0,0.0,0.0,0.0,0.0,1.0
2024-08-20,2573.45,-0.024439710074604326,0.0,0.0,0.0,0.0,-0.0,1.0
2024-08-21,2629.76,0.021881132332083553,0.0,0.0,0.0,0.0,0.0,1.0
2024-08-22,2623.19,-0.0024983268435142536,0.0,0.0,0.0,0.0,-0.0,1.0
2024-08-23,2764.61,0.0539114589488372,0.0,0.0,0.0,0.0,0.0,1.0
2024-08-24,2769.76,0.0018628305619960983,0.0,0.0,0.0,0.0,0.0,1.0
2024-08-25,2747.0,-0.008217318468026202,0.0,0.0,0.0,0.0,-0.0,1.0
2024-08-26,2681.1,-0.023989807062249735,0.0,0.0,0.0,0.0,-0.0,1.0
2024-08-27,2458.44,-0.08304800268546486,0.0,0.0,0.0,0.0,-0.0,1.0
2024-08-28,2528.36,0.02844079985681991,0.0,0.0,0.0,0.0,0.0,1.0
2024-08-29,2528.61,9.887832428923105e-05,0.0,0.0,0.0,0.0,0.0,1.0
2024-08-30,2526.84,-0.0006999893221967257,0.0,0.0,0.0,0.0,-0.0,1.0
2024-08-31,2512.79,-0.005560304570135122,0.0,0.0,0.0,0.0,-0.0,1.0
2024-09-01,2427.5,-0.03394235093262865,0.0,0.0,0.0,0.0,-0.0,1.0
2024-09-02,2538.48,0.045717816683831014,0.0,0.0,0.0,0.0,0.0,1.0
2024-09-03,2422.26,-0.04578330339415704,0.0,0.0,0.0,0.0,-0.0,1.0
2024-09-04,2450.08,0.011485141974849844,0.0,0.0,0.0,0.0,0.0,1.0
2024-09-05,2368.47,-0.0333091164370144,0.0,0.0,0.0,0.0,-0.0,1.0
2024-09-06,2224.45,-0.060807187762564,0.0,0.0,0.0,0.0,-0.0,1.0
2024-09-07,2273.1,0.021870574748814375,0.0,0.0,0.0,0.0,0.0,1.0
2024-09-08,2296.92,0.010479081430645465,0.0,0.0,0.0,0.0,0.0,1.0
2024-09-09,2359.08,0.027062326942165926,0.0,0.0,0.0,0.0,0.0,1.0
2024-09-10,2387.78,0.012165759533377507,0.0,0.0,0.0,0.0,0.0,1.0
2024-09-11,2339.99,-0.020014406687383413,0.0,0.0,0.0,0.0,-0.0,1.0
2024-09-12,2361.34,0.00912397061525927,0.0,0.0,0.0,0.0,0.0,1.0
2024-09-13,2440.89,0.03368849890316494,0.0,0.0,0.0,0.0,0.0,1.0
2024-09-14,2416.99,-0.009791510473638798,0.0,0.0,0.0,0.0,-0.0,1.0
2024-09-15,2316.87,-0.041423423348876054,0.0,0.0,0.0,0.0,-0.0,1.0
2024-09-16,2295.03,-0.009426510766680773,0.0,0.0,0.0,0.0,-0.0,1.0
2024-09-17,2341.69,0.020330888920842005,0.0,0.0,0.0,0.0,0.0,1.0
2024-09-18,2374.75,0.014118008788524428,0.0,0.0,0.0,0.0,0.0,1.0
2024-09-19,2464.52,0.03780187388146117,0.0,0.0,0.0,0.0,0.0,1.0
2024-09-20,2561.44,0.039326116241702236,0.0,0.0,0.0,0.0,0.0,1.0
2024-09-21,2615.0,0.02091011306140289,0.0,0.0,0.0,0.0,0.0,1.0
2024-09-22,2581.99,-0.012623326959847136,0.0,0.0,0.0,0.0,-0.0,1.0
2024-09-23,2646.91,0.02514339714716174,0.0,0.0,0.0,0.0,0.0,1.0
2024-09-24,2653.13,0.002349909894934221,0.0,0.0,0.0,0.0,0.0,1.0
2024-09-25,2580.05,-0.02754482441493633,0.0,0.0,0.0,0.0,-0.0,1.0
2024-09-26,2632.14,0.02018953121063527,0.0,0.0,0.0,0.0,0.0,1.0
2024-09-27,2695.01,0.0238855076097777,0.0,0.0,0.0,0.0,0.0,1.0
2024-09-28,2678.61,-0.006085320648160919,0.0,0.0,0.0,0.0,-0.0,1.0
2024-09-29,2657.89,-0.0077353552775507595,0.0,0.0,0.0,0.0,-0.0,1.0
2024-09-30,2602.97,-0.020663007122190935,0.0,0.0,0.0,0.0,-0.0,1.0
2024-10-01,2448.27,-0.059432110243298975,0.0,0.0,0.0,0.0,-0.0,1.0
2024-10-02,2363.93,-0.03444881487744411,0.0,0.0,0.0,0.0,-0.0,1.0
2024-10-03,2349.46,-0.006121162640179589,0.0,0.0,0.0,0.0,-0.0,1.0
2024-10-04,2414.51,0.02768721323197676,0.0,0.0,0.0,0.0,0.0,1.0
2024-10-05,2414.78,0.00011182393114950173,0.0,0.0,0.0,0.0,0.0,1.0
2024-10-06,2440.03,0.010456439095900993,0.0,0.0,0.0,0.0,0.0,1.0
2024-10-07,2422.1,-0.007348270308152105,0.0,0.0,0.0,0.0,-0.0,1.0
2024-10-08,2439.22,0.007068246562899949,0.0,0.0,0.0,0.0,0.0,1.0
2024-10-09,2366.78,-0.029698018218938693,0.0,0.0,0.0,0.0,-0.0,1.0
2024-10-10,2383.76,0.007174304329088388,0.0,0.0,0.0,0.0,0.0,1.0
2024-10-11,2436.86,0.022275732456287445,0.0,0.0,0.0,0.0,0.0,1.0
2024-10-12,2477.11,0.016517157325410592,0.0,0.0,0.0,0.0,0.0,1.0
2024-10-13,2466.4,-0.004323586760378029,0.0,0.0,0.0,0.0,-0.0,1.0
2024-10-14,2628.13,0.0655733052221863,0.0,0.0,0.0,0.0,0.0,1.0
2024-10-15,2605.99,-0.008424240810005701,0.0,0.0,0.0,0.0,-0.0,1.0
2024-10-16,2610.42,0.001699929777167375,0.0,0.0,0.0,0.0,0.0,1.0
2024-10-17,2603.04,-0.0028271312662330184,0.0,0.0,0.0,0.0,-0.0,1.0
2024-10-18,2641.79,0.014886440469604745,0.0,0.0,0.0,0.0,0.0,1.0
2024-10-19,2648.53,0.0025513004440171905,0.0,0.0,0.0,0.0,0.0,1.0
2024-10-20,2745.32,0.03654480032319807,0.0,0.0,0.0,0.0,0.0,1.0
2024-10-21,2665.78,-0.028972943044890953,0.0,0.0,0.0,0.0,-0.0,1.0
2024-10-22,2618.99,-0.017552086068618022,0.0,0.0,0.0,0.0,-0.0,1.0
2024-10-23,2523.56,-0.036437710720544914,0.0,0.0,0.0,0.0,-0.0,1.0
2024-10-24,2534.07,0.0041647513829670135,0.0,0.0,0.0,0.0,0.0,1.0
2024-10-25,2436.72,-0.038416460476624725,0.0,0.0,0.0,0.0,-0.0,1.0
2024-10-26,2478.86,0.017293739124725205,0.0,0.0,0.0,0.0,0.0,1.0
2024-10-27,2505.42,0.010714602680264251,0.0,0.0,0.0,0.0,0.0,1.0
2024-10-28,2564.97,0.023768469957132776,0.0,0.0,0.0,0.0,0.0,1.0
2024-10-29,2636.08,0.027723521132800855,0.0,0.0,0.0,0.0,0.0,1.0
2024-10-30,2656.19,0.007628751782950527,0.0,0.0,0.0,0.0,0.0,1.0
2024-10-31,2515.07,-0.05312872949600744,0.0,0.0,0.0,0.0,-0.0,1.0
2024-11-01,2512.19,-0.0011450973531552666,0.0,0.0,0.0,0.0,-0.0,1.0
2024-11-02,2491.03,-0.008422929794322798,0.0,0.0,0.0,0.0,-0.0,1.0
2024-11-03,2455.53,-0.014251133065438792,0.0,0.0,0.0,0.0,-0.0,1.0
2024-11-04,2395.92,-0.02427581825512215,0.0,0.0,0.0,0.0,-0.0,1.0
2024-11-05,2422.26,0.010993689271762142,0.0,0.0,0.0,0.0,0.0,1.0
2024-11-06,2723.26,0.12426411698166184,0.0,0.0,0.0,0.0,0.0,1.0
2024-11-07,2896.87,0.06375079867511713,0.0,0.0,0.0,0.0,0.0,1.0
2024-11-08,2962.95,0.02281082685795366,0.0,0.0,0.0,0.0,0.0,1.0
2024-11-09,3129.5,0.056210870922560385,0.0,0.0,0.0,0.0,0.0,1.0
2024-11-10,3186.05,0.01806997922990905,0.0,0.0,0.0,0.0,0.0,1.0
2024-11-11,3375.78,0.05955022676982469,0.0,0.0,0.0,0.0,0.0,1.0
2024-11-12,3248.11,-0.03781940766282166,0.0,0.0,0.0,0.0,-0.0,1.0
2024-11-13,3190.95,-0.01759792617860856,0.0,0.0,0.0,0.0,-0.0,1.0
2024-11-14,3059.32,-0.041251038092104175,0.0,0.0,0.0,0.0,-0.0,1.0
2024-11-15,3090.47,0.010182001229031235,0.0,0.0,0.0,0.0,0.0,1.0
2024-11-16,3133.41,0.01389432675288882,0.0,0.0,0.0,0.0,0.0,1.0
2024-11-17,3075.21,-0.01857401361456046,0.0,0.0,0.0,0.0,-0.0,1.0
2024-11-18,3210.32,0.043935210928684576,0.0,0.0,0.0,0.0,0.0,1.0
2024-11-19,3110.92,-0.03096264546836458,0.0,0.0,0.0,0.0,-0.0,1.0
2024-11-20,3072.09,-0.01248183817005899,0.0,0.0,0.0,0.0,-0.0,1.0
2024-11-21,3360.9,0.09401091764889702,0.0,0.0,0.0,0.0,0.0,1.0
2024-11-22,3331.54,-0.008735755303638904,0.0,0.0,0.0,0.0,-0.0,1.0
2024-11-23,3397.28,0.019732616147487336,0.0,0.0,0.0,0.0,0.0,1.0
2024-11-24,3364.84,-0.009548815523006682,0.0,0.0,0.0,0.0,-0.0,1.0
2024-11-25,3413.65,0.014505890324651327,0.0,0.0,0.0,0.0,0.0,1.0
2024-11-26,3323.32,-0.026461412271322482,0.0,0.0,0.0,0.0,-0.0,1.0
2024-11-27,3657.55,0.10057111563135668,0.0,0.0,0.0,0.0,0.0,1.0
2024-11-28,3578.35,-0.02165383931866971,0.0,0.0,0.0,0.0,-0.0,1.0
2024-11-29,3593.87,0.004337194517026077,0.0,0.0,0.0,0.0,0.0,1.0
2024-11-30,3706.1,0.031228174641820594,0.0,0.0,0.0,0.0,0.0,1.0
2024-12-01,3712.6,0.0017538652491837503,0.0,0.0,0.0,0.0,0.0,1.0
2024-12-02,3644.76,-0.018272908473845773,0.0,0.0,0.0,0.0,-0.0,1.0
2024-12-03,3617.8,-0.007396920510541194,0.0,0.0,0.0,0.0,-0.0,1.0
2024-12-04,3844.31,0.06260987340372592,0.0,0.0,0.0,0.0,0.0,1.0
2024-12-05,3791.3,-0.013789210547536457,0.0,0.0,0.0,0.0,-0.0,1.0
2024-12-06,4005.25,0.05643183077044811,0.0,0.0,0.0,0.0,0.0,1.0
2024-12-07,4000.49,-0.0011884401722739302,0.0,0.0,0.0,0.0,-0.0,1.0
2024-12-08,4006.8,0.0015773067799196294,0.0,0.0,0.0,0.0,0.0,1.0
2024-12-09,3717.0,-0.07232704402515733,0.0,0.0,0.0,0.0,-0.0,1.0
2024-12-10,3630.45,-0.0232849071832123,0.0,0.0,0.0,0.0,-0.0,1.0
2024-12-11,3834.0,0.05606742965748057,0.0,0.0,0.0,0.0,0.0,1.0
2024-12-12,3882.68,0.012696922274387124,0.0,0.0,0.0,0.0,0.0,1.0
2024-12-13,3907.75,0.006456880299174905,0.0,0.0,0.0,0.0,0.0,1.0
2024-12-14,3869.81,-0.00970891177787736,0.0,0.0,0.0,0.0,-0.0,1.0
2024-12-15,3954.5,0.021884795377550947,0.0,0.0,0.0,0.0,0.0,1.0
2024-12-16,3987.53,0.008352509798963181,0.0,0.0,0.0,0.0,0.0,1.0
2024-12-17,3893.52,-0.023575998174308443,0.0,0.0,0.0,0.0,-0.0,1.0
2024-12-18,3624.84,-0.06900696541946616,0.0,0.0,0.0,0.0,-0.0,1.0
2024-12-19,3414.63,-0.057991525143178735,0.0,0.0,0.0,0.0,-0.0,1.0
2024-12-20,3472.0,0.016801234687213507,0.0,0.0,0.0,0.0,0.0,1.0
2024-12-21,3337.39,-0.038770161290322624,0.0,0.0,0.0,0.0,-0.0,1.0
2024-12-22,3276.69,-0.018187865367847222,0.0,0.0,0.0,0.0,-0.0,1.0
2024-12-23,3417.84,0.04307700758997646,0.0,0.0,0.0,0.0,0.0,1.0
2024-12-24,3490.91,0.02137899960208789,0.0,0.0,0.0,0.0,0.0,1.0
2024-12-25,3494.01,0.0008880206020780435,0.0,0.0,0.0,0.0,0.0,1.0
2024-12-26,3331.04,-0.04664268276278549,0.0,0.0,0.0,0.0,-0.0,1.0
2024-12-27,3327.59,-0.0010357125702482595,0.0,0.0,0.0,0.0,-0.0,1.0
2024-12-28,3398.39,0.021276659684636545,0.0,0.0,0.0,0.0,0.0,1.0
2024-12-29,3349.5,-0.014386224064924846,0.0,0.0,0.0,0.0,-0.0,1.0
2024-12-30,3355.59,0.001818181818181941,0.0,0.0,0.0,0.0,0.0,1.0
2024-12-31,3333.3,-0.0066426470456759645,0.0,0.0,0.0,0.0,-0.0,1.0
2025-01-01,3354.0,0.006210062100620917,0.0,0.0,0.0,0.0,0.0,1.0
2025-01-02,3451.94,0.029200954084674935,0.0,0.0,0.0,0.0,0.0,1.0
2025-01-03,3607.57,0.04508479289906542,0.0,0.0,0.0,0.0,0.0,1.0
2025-01-04,3657.58,0.01386251687423945,0.0,0.0,0.0,0.0,0.0,1.0
2025-01-05,3635.44,-0.0060531827055047005,0.0,0.0,0.0,0.0,-0.0,1.0
2025-01-06,3688.57,0.014614462073366585,0.0,0.0,0.0,0.0,0.0,1.0
2025-01-07,3380.7,-0.08346595021919068,0.0,0.0,0.0,0.0,-0.0,1.0
2025-01-08,3326.34,-0.016079510160617483,0.0,0.0,0.0,0.0,-0.0,1.0
2025-01-09,3219.04,-0.03225767660551848,0.0,0.0,0.0,0.0,-0.0,1.0
2025-01-10,3266.05,0.014603732789900237,0.0,0.0,0.0,0.0,0.0,1.0
2025-01-11,3282.32,0.0049815526400391885,0.0,0.0,0.0,0.0,0.0,1.0
2025-01-12,3264.98,-0.005282848716761324,0.0,0.0,0.0,0.0,-0.0,1.0
2025-01-13,3136.15,-0.039458128380571944,0.0,0.0,0.0,0.0,-0.0,1.0
2025-01-14,3222.73,0.02760709787478266,0.0,0.0,0.0,0.0,0.0,1.0
2025-01-15,3451.43,0.07096467901437586,0.0,0.0,0.0,0.0,0.0,1.0
2025-01-16,3307.25,-0.04177398933195797,0.0,0.0,0.0,0.0,-0.0,1.0
2025-01-17,3473.69,0.05032579938014958,0.0,0.0,0.0,0.0,0.0,1.0
2025-01-18,3306.14,-0.04823401051907339,0.0,0.0,0.0,0.0,-0.0,1.0
2025-01-19,3210.68,-0.028873550424361905,0.0,0.0,0.0,0.0,-0.0,1.0
2025-01-20,3278.11,0.021001781554063514,0.0,0.0,0.0,0.0,0.0,1.0
2025-01-21,3327.15,0.01495983966370873,0.0,0.0,0.0,0.0,0.0,1.0
2025-01-22,3239.35,-0.026388951505041947,0.0,0.0,0.0,0.0,-0.0,1.0
2025-01-23,3337.96,0.030441292234553163,0.0,0.0,0.0,0.0,0.0,1.0
2025-01-24,3309.92,-0.008400340327625266,0.0,0.0,0.0,0.0,-0.0,1.0
2025-01-25,3316.31,0.0019305602552326384,0.0,0.0,0.0,0.0,0.0,1.0
2025-01-26,3233.47,-0.02497957066739842,0.0,0.0,0.0,0.0,-0.0,1.0
2025-01-27,3179.98,-0.01654259974578387,0.0,0.0,0.0,0.0,-0.0,1.0
2025-01-28,3076.6,-0.03250963842539889,0.0,0.0,0.0,0.0,-0.0,1.0
2025-01-29,3113.22,0.011902749788727851,0.0,0.0,0.0,0.0,0.0,1.0
2025-01-30,3247.77,0.04321891803341882,0.0,0.0,0.0,0.0,0.0,1.0
2025-01-31,3300.25,0.016158779716543892,0.0,0.0,0.0,0.0,0.0,1.0
2025-02-01,3116.46,-0.055689720475721516,0.0,0.0,0.0,0.0,-0.0,1.0
2025-02-02,2869.46,-0.07925659241575378,0.0,0.0,0.0,0.0,-0.0,1.0
2025-02-03,2883.26,0.004809267248890192,0.0,0.0,0.0,0.0,0.0,1.0
2025-02-04,2735.22,-0.05134465847686309,0.0,0.0,0.0,0.0,-0.0,1.0
2025-02-05,2788.76,0.01957429384108056,0.0,0.0,0.0,0.0,0.0,1.0
2025-02-06,2687.08,-0.03646064917741232,0.0,0.0,0.0,0.0,-0.0,1.0
2025-02-07,2623.39,-0.02370230882593749,0.0,0.0,0.0,0.0,-0.0,1.0
2025-02-08,2632.79,0.003583150046314154,0.0,0.0,0.0,0.0,0.0,1.0
2025-02-09,2628.76,-0.0015306955738968453,0.0,0.0,0.0,0.0,-0.0,1.0
2025-02-10,2661.24,0.012355635356593897,0.0,0.0,0.0,0.0,0.0,1.0
2025-02-11,2603.04,-0.021869504441538457,0.0,0.0,0.0,0.0,-0.0,1.0
2025-02-12,2737.85,0.05178944618599779,0.0,0.0,0.0,0.0,0.0,1.0
2025-02-13,2676.18,-0.022524973975930007,0.0,0.0,0.0,0.0,-0.0,1.0
2025-02-14,2725.81,0.018545090390033492,0.0,0.0,0.0,0.0,0.0,1.0
2025-02-15,2693.0,-0.01203678906453498,0.0,0.0,0.0,0.0,-0.0,1.0
2025-02-16,2663.01,-0.011136279242480396,0.0,0.0,0.0,0.0,-0.0,1.0
2025-02-17,2742.99,0.03003368368875803,0.0,0.0,0.0,0.0,0.0,1.0
2025-02-18,2669.75,-0.026700790013816977,0.0,0.0,0.0,0.0,-0.0,1.0
2025-02-19,2715.01,0.01695289821144308,0.0,0.0,0.0,0.0,0.0,1.0
2025-02-20,2739.33,0.008957609732560767,0.0,0.0,0.0,0.0,0.0,1.0
2025-02-21,2658.99,-0.029328339411461957,0.0,0.0,0.0,0.0,-0.0,1.0
2025-02-22,2763.33,0.03924046348425536,0.0,0.0,0.0,0.0,0.0,1.0
2025-02-23,2819.49,0.020323305576966932,0.0,0.0,0.0,0.0,0.0,1.0
2025-02-24,2514.21,-0.10827490077992818,0.0,0.0,0.0,0.0,-0.0,1.0
2025-02-25,2491.74,-0.008937200949801438,0.0,0.0,0.0,0.0,-0.0,1.0
2025-02-26,2332.44,-0.06393122877988866,0.0,0.0,0.0,0.0,-0.0,1.0
2025-02-27,2304.85,-0.011828814460393522,0.0,0.0,0.0,0.0,-0.0,1.0
2025-02-28,2236.31,-0.02973729309933404,0.0,0.0,0.0,0.0,-0.0,1.0
2025-03-01,2215.6,-0.009260791214098285,0.0,0.0,0.0,0.0,-0.0,1.0
2025-03-02,2519.77,0.13728561112114113,0.0,0.0,0.0,0.0,0.0,1.0
2025-03-03,2147.28,-0.14782698420887608,0.0,0.0,0.0,0.0,-0.0,1.0
2025-03-04,2170.99,0.011041876234119341,0.0,0.0,0.0,0.0,0.0,1.0
2025-03-05,2241.22,0.032349296864564,0.0,0.0,0.0,0.0,0.0,1.0
2025-03-06,2202.2,-0.01741016053756439,0.0,0.0,0.0,0.0,-0.0,1.0
2025-03-07,2139.49,-0.02847606938516034,0.0,0.0,0.0,0.0,-0.0,1.0
2025-03-08,2203.01,0.029689318482442273,0.0,0.0,0.0,0.0,0.0,1.0
2025-03-09,2019.51,-0.08329512802937811,0.0,0.0,0.0,0.0,-0.0,1.0
2025-03-10,1863.51,-0.07724646077513853,0.0,0.0,0.0,0.0,-0.0,1.0
2025-03-11,1922.11,0.031446034633567876,0.0,0.0,0.0,0.0,0.0,1.0
2025-03-12,1907.97,-0.007356498847620463,0.0,0.0,0.0,0.0,-0.0,1.0
2025-03-13,1862.99,-0.023574794152947942,0.0,0.0,0.0,0.0,-0.0,1.0
2025-03-14,1910.01,0.025238997525483198,0.0,0.0,0.0,0.0,0.0,1.0
2025-03-15,1936.8,0.01402610457536868,0.0,0.0,0.0,0.0,0.0,1.0
2025-03-16,1887.1,-0.025660883932259404,0.0,0.0,0.0,0.0,-0.0,1.0
2025-03-17,1926.26,0.020751417518944493,0.0,0.0,0.0,0.0,0.0,1.0
2025-03-18,1931.66,0.002803359878728706,0.0,0.0,0.0,0.0,0.0,1.0
2025-03-19,2057.01,0.06489237236366652,0.0,0.0,0.0,0.0,0.0,1.0
2025-03-20,1981.55,-0.03668431363970048,0.0,0.0,0.0,0.0,-0.0,1.0
2025-03-21,1964.29,-0.008710353006484817,0.0,0.0,0.0,0.0,-0.0,1.0
2025-03-22,1980.15,0.008074164201823608,0.0,0.0,0.0,0.0,0.0,1.0
2025-03-23,2005.13,0.012615205918743433,0.0,0.0,0.0,0.0,0.0,1.0
2025-03-24,2081.86,0.038266845541186756,0.0,0.0,0.0,0.0,0.0,1.0
2025-03-25,2066.35,-0.007450068688576672,0.0,0.0,0.0,0.0,-0.0,1.0
2025-03-26,2009.22,-0.027647784741210324,0.0,0.0,0.0,0.0,-0.0,1.0
2025-03-27,2002.08,-0.0035536178218413816,0.0,0.0,0.0,0.0,-0.0,1.0
2025-03-28,1895.61,-0.053179693119156046,0.0,0.0,0.0,0.0,-0.0,1.0
2025-03-29,1827.62,-0.03586708236398839,0.0,0.0,0.0,0.0,-0.0,1.0
2025-03-30,1806.21,-0.011714689049145854,0.0,0.0,0.0,0.0,-0.0,1.0
2025-03-31,1822.8,0.009184978490873075,0.0,0.0,0.0,0.0,0.0,1.0
2025-04-01,1905.28,0.04524906736888301,0.0,0.0,0.0,0.0,0.0,1.0
2025-04-02,1792.97,-0.05894671649311389,0.0,0.0,0.0,0.0,-0.0,1.0
2025-04-03,1815.63,0.01263824826963078,0.0,0.0,0.0,0.0,0.0,1.0
2025-04-04,1815.21,-0.00023132466416619923,0.0,0.0,0.0,0.0,-0.0,1.0
2025-04-05,1805.58,-0.005305171302493972,0.0,0.0,0.0,0.0,-0.0,1.0
2025-04-06,1578.98,-0.12549983938678977,0.0,0.0,0.0,0.0,-0.0,1.0
2025-04-07,1551.65,-0.017308642288059284,0.0,0.0,0.0,0.0,-0.0,1.0
2025-04-08,1471.99,-0.05133889730287122,0.0,0.0,0.0,0.0,-0.0,1.0
2025-04-09,1668.81,0.13371014748741494,0.0,0.0,0.0,0.0,0.0,1.0
2025-04-10,1521.26,-0.08841629664251771,0.0,0.0,0.0,0.0,-0.0,1.0
2025-04-11,1566.21,0.02954787478800469,0.0,0.0,0.0,0.0,0.0,1.0
2025-04-12,1643.34,0.04924626965732548,0.0,0.0,0.0,0.0,0.0,1.0
2025-04-13,1596.65,-0.02841164944564112,0.0,0.0,0.0,0.0,-0.0,1.0
2025-04-14,1622.99,0.01649704067892155,0.0,0.0,0.0,0.0,0.0,1.0
2025-04-15,1588.98,-0.020955150678685586,0.0,0.0,0.0,0.0,-0.0,1.0
2025-04-16,1577.06,-0.007501667736535378,0.0,0.0,0.0,0.0,-0.0,1.0
2025-04-17,1582.34,0.003348001978364712,0.0,0.0,0.0,0.0,0.0,1.0
2025-04-18,1588.4,0.0038297710984998012,0.0,0.0,0.0,0.0,0.0,1.0
2025-04-19,1613.14,0.01557542180810878,0.0,0.0,0.0,0.0,0.0,1.0
2025-04-20,1587.49,-0.015900665782263235,0.0,0.0,0.0,0.0,-0.0,1.0
2025-04-21,1580.07,-0.004674045190835918,0.0,0.0,0.0,0.0,-0.0,1.0
2025-04-22,1757.59,0.112349452872341,0.0,0.0,0.0,0.0,0.0,1.0
2025-04-23,1796.05,0.02188223647153209,0.0,0.0,0.0,0.0,0.0,1.0
2025-04-24,1770.0,-0.014504050555385395,0.0,0.0,0.0,0.0,-0.0,1.0
2025-04-25,1786.61,0.009384180790960484,0.0,0.0,0.0,0.0,0.0,1.0
2025-04-26,1820.85,0.019164786942869494,0.0,0.0,0.0,0.0,0.0,1.0
2025-04-27,1791.82,-0.015943103495620115,0.0,0.0,0.0,0.0,-0.0,1.0
2025-04-28,1799.56,0.004319630320009926,0.0,0.0,0.0,0.0,0.0,1.0
2025-04-29,1798.99,-0.0003167440930004206,0.0,0.0,0.0,0.0,-0.0,1.0
2025-04-30,1793.92,-0.002818248016942859,0.0,0.0,0.0,0.0,-0.0,1.0
2025-05-01,1838.84,0.025040135569033062,0.0,0.0,0.0,0.0,0.0,1.0
2025-05-02,1843.01,0.002267734006221378,0.0,0.0,0.0,0.0,0.0,1.0
2025-05-03,1833.85,-0.004970130384534088,0.0,0.0,0.0,0.0,-0.0,1.0
2025-05-04,1809.09,-0.013501649535131,0.0,0.0,0.0,0.0,-0.0,1.0
2025-05-05,1819.9,0.005975379887125598,0.0,0.0,0.0,0.0,0.0,1.0
2025-05-06,1816.54,-0.0018462552887521522,0.0,0.0,0.0,0.0,-0.0,1.0
2025-05-07,1811.43,-0.0028130401752781697,0.0,0.0,0.0,0.0,-0.0,1.0
2025-05-08,2208.36,0.21912522151007763,0.0,0.0,0.0,0.0,0.0,1.0
2025-05-09,2345.79,0.062231701353040236,0.0,0.0,0.0,0.0,0.0,1.0
2025-05-10,2585.0,0.10197417501140338,0.0,0.0,0.0,0.0,0.0,1.0
2025-05-11,2515.58,-0.026854932301740853,0.0,0.0,0.0,0.0,-0.0,1.0
2025-05-12,2495.4,-0.008022006853290242,1.0,0.0,0.0,0.0,-0.0,1.0
2025-05-13,2680.2,0.07405626352488559,-1.0,0.09463119703084735,0.09463119703084735,4.7315598515423674e-05,0.006960717266476378,1.0069607172664763
2025-05-14,2610.35,-0.026061487948660478,1.0,-0.09389491801327052,0.18852611504411787,9.426305752205894e-05,0.002352778216721254,1.009329872507155
2025-05-15,2547.87,-0.023935487578294112,1.0,0.09253958246064516,0.1864345004739157,9.321725023695785e-05,-0.002308197276724254,1.0070001400441175
2025-05-16,2537.43,-0.004097540298366842,1.0,0.09216300803566876,0.00037657442497639193,1.8828721248819596e-07,-0.000377829926657348,1.0066196652550607
2025-05-17,2475.74,-0.024312000725143168,1.0,0.09170977876756722,0.0004532292681015404,2.2661463405077022e-07,-0.0022298748225338645,1.004375029407641
2025-05-18,2497.69,0.00886603601347491,1.0,0.09178228932017621,7.25105526089842e-05,3.6255276304492103e-08,0.0008137088272355513,1.0051922982349248
2025-05-19,2528.52,0.012343405306503241,1.0,0.09200331548134282,0.000221026161166607,1.105130805833035e-07,0.0011355236994477155,1.0063337179120728
2025-05-20,2524.81,-0.0014672614810244955,1.0,0.092043380122194,4.0064640851184e-05,2.0032320425592e-08,-0.00013507173855701658,1.006197790667226
2025-05-21,2552.1,0.010808734122567554,1.0,0.09203486356427944,8.516557914561851e-06,4.258278957280925e-09,0.000994776111994119,1.007198732193323
2025-05-22,2664.5,0.04404216135731365,-1.0,0.09179033195588657,0.00024453160839287,1.22265804196435e-07,0.004042522345238343,1.01127035557431
2025-05-23,2526.82,-0.05167198348658275,1.0,-0.088821156207734,0.18061148816362055,9.030574408181027e-05,0.004499259572743408,1.0158203234022594
2025-05-24,2531.68,0.0019233661281767844,1.0,0.0892977281565165,0.1781188843642505,8.905944218212525e-05,8.269278347725691e-05,1.0159043244123143
2025-05-25,2551.43,0.007801143904442975,1.0,0.08932548876111804,2.7760604601537175e-05,1.3880302300768588e-08,0.0006968271118578847,1.0166122340886186
2025-05-26,2563.64,0.004785551631830032,1.0,0.08947541589264393,0.00014992713152589543,7.496356576294771e-08,0.00042811425896794995,1.017047460281873
2025-05-27,2663.04,0.03877299464823447,0.0,0.08958434147154744,0.0001089255789035043,5.446278945175215e-08,0.0034733987296524664,1.0205800716384124
2025-05-28,2682.41,0.007273642153328597,1.0,0.0,0.08958434147154744,4.479217073577372e-05,-4.479217073577372e-05,1.020534357641594
2025-05-29,2631.26,-0.019068673319887597,-1.0,0.14882681751671006,0.14882681751671006,7.441340875835504e-05,-0.002912343373223024,1.01756221116797
2025-05-30,2531.46,-0.037928596945949966,-1.0,-0.18189291260783294,0.33071973012454303,0.00016535986506227153,0.006733583104565125,1.0244140508809347
2025-05-31,2529.11,-0.0009283180457126949,0.0,-0.18599449443178548,0.004101581823952538,2.050790911976269e-06,0.00017061125467225956,1.0245888274474593
2025-06-01,2538.28,0.0036257814013624934,1.0,0.0,0.18599449443178548,9.299724721589274e-05,-9.299724721589274e-05,1.0244935435069784
2025-06-02,2608.13,0.027518634665994357,-1.0,0.2228223432245762,0.2228223432245762,0.0001114111716122881,0.0060203554870056275,1.0306613588330324
2025-06-03,2594.64,-0.005172288191156227,-1.0,-0.2294706644368042,0.45229300766138036,0.00022614650383069018,0.0009607419040525653,1.031651558389351
2025-06-04,2608.18,0.005218450343785541,-1.0,-0.23623025270702083,0.006759588270216638,3.379794135108319e-06,-0.0012361356375866065,1.0303762971324542
2025-06-05,2416.63,-0.07344201703870123,-1.0,-0.19009686445182947,0.046133388255191365,2.3066694127595682e-05,0.013938030463947343,1.0447377133512157
2025-06-06,2478.03,0.025407282041520762,-1.0,-0.1892559771654794,0.0008408872863500672,4.204436431750336e-07,-0.004808900433530124,1.0397136737085557
2025-06-07,2525.68,0.019228984314152653,-1.0,-0.18756349922111587,0.0016924779443635296,8.462389721817649e-07,-0.0036075018234026025,1.0359629047348355
2025-06-08,2511.12,-0.005764784137341161,1.0,-0.18817581458551297,0.000612315364397098,3.06157682198549e-07,0.0010844867932716183,1.0370863928233398
2025-06-09,2681.57,0.06787807830768755,-1.0,0.16618099349501203,0.354356808080525,0.00017717840404026251,0.011102868085663478,1.048601026236294
2025-06-10,2816.32,0.05025041300432198,-1.0,-0.15818190324266307,0.3243628967376751,0.00016218144836883757,-0.008110887416122356,1.040095941368061
2025-06-11,2771.98,-0.01574394955118741,-1.0,-0.16276913365964335,0.004587230416980281,2.2936152084901408e-06,0.002560335413619415,1.0427589358403075
2025-06-12,2643.89,-0.046208847105679074,-1.0,-0.16503781166063525,0.002268678000991897,1.1343390004959487e-06,0.007625072666681657,1.0507100484999214
2025-06-13,2579.64,-0.02430131359474108,-1.0,-0.16224213287644668,0.002795678784188571,1.3978393920942855e-06,0.003941299109918088,1.0548512110788562
2025-06-14,2533.18,-0.018010264998216785,1.0,-0.16106184755085368,0.0011802853255930001,5.901426627965001e-07,0.002900176412830471,1.0579104656802727
2025-06-15,2546.96,0.005439802935440996,1.0,0.16103722383060942,0.3220990713814631,0.00016104953569073154,0.0007149612272182864,1.0586668306451026
2025-06-16,2541.11,-0.00229685585953443,1.0,0.16737158585626938,0.006334362025659956,3.1671810128299784e-06,-0.00038759558870637224,1.0582564960516347
2025-06-17,2510.11,-0.01219939317857155,1.0,0.16735075024948684,2.0835606782537708e-05,1.0417803391268853e-08,-0.002041588018825812,1.056095972268451
2025-06-18,2525.79,0.006246738190756496,1.0,0.1682737936001136,0.0009230433506267621,4.615216753133811e-07,0.0010507008113099922,1.057205613163335
2025-06-19,2521.43,-0.001726192597167664,1.0,0.1746693208342917,0.0063955272341781055,3.197763617089053e-06,-0.000304710652193547,1.0568834713514452
2025-06-20,2406.04,-0.045763713448320975,1.0,0.16560585938011982,0.00906346145417189,4.5317307270859445e-06,-0.007583270824761828,1.0488688377579727
2025-06-21,2296.29,-0.045614370500906,1.0,0.15878310909442048,0.006822750285699342,3.411375142849671e-06,-0.007246202942661522,1.0412685212993449
2025-06-22,2227.41,-0.029996211279934237,1.0,0.16077890292161437,0.0019957938271938924,9.978969135969462e-07,-0.004823755838306378,1.0362456961904825
2025-06-23,2413.73,0.08364872205835483,-1.0,0.13724175898823854,0.02353714393337583,1.1768571966687917e-05,0.011468329180440199,1.0481297029462093
2025-06-24,2448.24,0.01429737377420004,1.0,-0.13671184496547592,0.2739536039537145,0.00013697680197685724,-0.0020915971488087545,1.0459374378479451
2025-06-25,2419.12,-0.01189425873280392,1.0,0.15058418333771192,0.28729602830318784,0.00014364801415159392,-0.0019347352518383203,1.0439138258157232
2025-06-26,2416.21,-0.001202916763120454,1.0,0.1526401123941784,0.0020559290564664823,1.0279645282332411e-06,-0.00018464131445178062,1.0437210761947502
2025-06-27,2424.18,0.003298554347511029,1.0,0.15393587087761598,0.0012957584834375757,6.478792417187879e-07,0.0005071179568795378,1.0442503658944622
2025-06-28,2437.56,0.0055193921243472666,1.0,0.15385475971586451,8.111116175146815e-05,4.055558087573408e-08,0.0008491441934882079,1.0451370850292094
2025-06-29,2501.2,0.026108075288403088,1.0,0.16959919838783188,0.01574443867196737,7.872219335983685e-06,0.004420036421026343,1.0497566290100038
2025-06-30,2486.1,-0.006037102190948329,1.0,0.1847243614385153,0.015125163050683427,7.5625815253417134e-06,-0.0011227624286873337,1.0485780017076858
2025-07-01,2405.76,-0.03231567515385536,1.0,0.1814162243103559,0.0033081371281594163,1.6540685640797082e-06,-0.005864241841016499,1.0424288867165021
2025-07-02,2570.49,0.06847316440542683,1.0,0.16520308762982475,0.01621313668053115,8.106568340265575e-06,0.01130387161122086,1.0542123690157734
2025-07-03,2591.13,0.0080295974697433,0.0,0.16738570495023322,0.0021826173204084753,1.0913086602042378e-06,0.0013429485242793869,1.0556281219610202
2025-07-04,2508.0,-0.03208252770026976,1.0,0.0,0.16738570495023322,8.369285247511662e-05,-8.369285247511662e-05,1.0555397734323404
2025-07-05,2516.99,0.003584529505582079,1.0,0.1644712161659808,0.1644712161659808,8.22356080829904e-05,0.000507316319082936,1.0560752659848438
2025-07-06,2572.17,0.021923011215777777,0.0,0.16266787776020092,0.0018033384057798696,9.016692028899348e-07,0.0035652680393807633,1.0598404573778402
2025-07-07,2542.52,-0.011527231870366306,1.0,0.0,0.16266787776020092,8.133393888010046e-05,-8.133393888010046e-05,1.0597542563788571
2025-07-08,2615.74,0.028798200210814473,-1.0,0.15999724088317904,0.15999724088317904,7.999862044158952e-05,0.004527633955690112,1.0645524357347251
2025-07-09,2770.33,0.05909991054156771,1.0,-0.1497358914361712,0.30973313231935024,0.0001548665661596751,-0.009004244354899287,1.0549669454747663
2025-07-10,2951.71,0.06547234444993921,-1.0,0.14855078619333728,0.29828667762950845,0.00014914333881475424,0.009576824903144697,1.0650701791901835
2025-07-11,2958.01,0.002134356017359451,-1.0,-0.1592918991657867,0.30784268535912396,0.00015392134267956198,-0.0004939069661806738,1.0645441336092103
2025-07-12,2942.64,-0.005196060865243934,-1.0,-0.1653970880257312,0.006105188859944488,3.052594429972244e-06,0.0008563607418858358,1.065455767413238
2025-07-13,2973.24,0.010398825544408963,-1.0,-0.19120713298884554,0.025810044963114342,1.2905022481557171e-05,-0.002001234641279166,1.06332354042274
2025-07-14,3014.59,0.013907387227401813,-1.0,-0.19122342871020018,1.629572135464219e-05,8.147860677321095e-09,-0.0026594264178848963,1.0604957097085808
2025-07-15,3140.01,0.04160433093720872,-1.0,-0.18940730058686236,0.0018161281233378124,9.080640616689062e-07,-0.007881072079600858,1.0521378665802599
2025-07-16,3372.67,0.07409530542896348,-1.0,-0.1723221334072363,0.017085167179626076,8.542583589813038e-06,-0.012776803690569577,1.0386949076035492
2025-07-17,3479.33,0.03162479578494182,-1.0,-0.17245772347176683,0.00013559006453053857,6.779503226526928e-08,-0.005454008081362858,1.033029857183409
2025-07-18,3549.05,0.020038340715022862,1.0,-0.1733173263763623,0.000859602904595469,4.298014522977345e-07,-0.0034734214391986644,1.0294417091301356
2025-07-19,3596.18,0.013279610036488476,-1.0,0.1733916217270213,0.3467089481033836,0.0001733544740516918,0.0021292186460774736,1.0316336156122654
2025-07-20,3760.07,0.045573358396965746,-1.0,-0.1735331981919965,0.3469248199190178,0.0001734624099595089,-0.008081953044935053,1.0232960011713104
2025-07-21,3764.17,0.0010904052318174706,1.0,-0.18702359953481437,0.01349040134281787,6.7452006714089355e-06,-0.00021067671207750598,1.0230804165343015
2025-07-22,3749.04,-0.004019478397628173,-1.0,0.19738509102546134,0.3844086905602757,0.00019220434528013786,-0.0009855894546708503,1.022072079264485
2025-07-23,3629.0,-0.03201886349572158,0.0,-0.18221739058169378,0.37960248160715515,0.00018980124080357757,0.0056445925147782594,1.0278412596726654
2025-07-24,3706.09,0.02124276660236979,-1.0,0.0,0.18221739058169378,9.110869529084689e-05,-9.110869529084689e-05,1.0277476143965305
2025-07-25,3725.52,0.005242722114141785,1.0,-0.1987567139142753,0.1987567139142753,9.937835695713765e-05,-0.001141404576329661,1.0265745385661464
2025-07-26,3742.2,0.00447722734007594,-1.0,0.19714767286706122,0.39590438678133655,0.00019795219339066827,0.0006847227576020859,1.0272774575150776
2025-07-27,3875.0,0.0354871465982578,-1.0,-0.2029703981832411,0.40011807105030234,0.00020005903552515117,-0.007402899310960587,1.0196726259326738
2025-07-28,3797.08,-0.020108387096774205,-1.0,-0.19193717708199656,0.01103322110124455,5.5166105506222755e-06,0.003854030444476263,1.0236024752764175
2025-07-29,3792.87,-0.0011087467211646773,-1.0,-0.20141684052982253,0.00947966344782597,4.739831723912985e-06,0.00021858042980087643,1.0238262147454087
2025-07-30,3806.85,0.0036858632117631185,-1.0,-0.22283883372498858,0.02142199319516605,1.0710996597583025e-05,-0.000832064455976717,1.022974325343022
2025-07-31,3698.08,-0.02857217909820453,-1.0,-0.20849348963936626,0.014345344085622325,7.172672042811163e-06,0.005949940654742813,1.0290609618701383
2025-08-01,3485.96,-0.05735949465668666,-1.0,-0.17982460633662695,0.028668883302739312,1.4334441651369656e-05,0.010300314104655166,1.0396606130102393
2025-08-02,3392.97,-0.02667557860675407,-1.0,-0.17378032995793802,0.006044276378688929,3.0221381893444643e-06,0.00463266871391129,1.0444770162052177
2025-08-03,3496.8,0.03060150841298337,-1.0,-0.17146217637259104,0.0023181535853469826,1.1590767926734913e-06,-0.005248160309566956,1.0389954333845146
2025-08-04,3719.99,0.06382692747654994,-1.0,-0.16305766217923298,0.008404514193358054,4.202257096679027e-06,-0.010411671835506363,1.0281777538935253
2025-08-05,3611.38,-0.029196315043857557,-1.0,-0.1779989679281694,0.014941305748936429,7.470652874468215e-06,0.005189443292237863,1.0335134240416963
2025-08-06,3683.56,0.01998681944298286,-1.0,-0.18073022282153872,0.0027312548933693115,1.3656274466846558e-06,-0.0036135879588708396,1.029778732377248
2025-08-07,3912.74,0.06221698574205381,-1.0,-0.16599376372416919,0.014736459097369536,7.368229548684769e-06,-0.010334999860445167,1.0191359693218398
2025-08-08,4008.37,0.024440673287772885,-1.0,-0.16477514005989177,0.0012186236642774129,6.093118321387065e-07,-0.004027824675982971,1.0150310683164234
2025-08-09,4262.91,0.06350212181011239,-1.0,-0.15813623710859512,0.006638902951296655,3.3194514756483275e-06,-0.01004530604293847,1.0048347705920941
2025-08-10,4251.61,-0.002650771421400022,-1.0,-0.15793306365963888,0.00020317344895623424,1.0158672447811712e-07,0.00041854286491864305,1.0052553370157475
2025-08-11,4225.0,-0.006258805487803332,-1.0,-0.15774411635063637,0.0001889473090025129,9.447365450125645e-08,0.000987195267429549,1.006247720327008
2025-08-12,4590.0,0.08639053254437878,-1.0,-0.14456645482898525,0.013177661521651118,6.588830760825559e-06,-0.012495761851489741,0.9936738884501972
2025-08-13,4750.83,0.03503921568627444,-1.0,-0.1434112406175014,0.001155214211483846,5.77607105741923e-07,-0.0050255949989385755,0.988680085925826
2025-08-14,4549.29,-0.042422060987238,-1.0,-0.1361489311880507,0.0072623094294507196,3.63115471472536e-06,0.00577208710749203,0.9943868335032325
2025-08-15,4443.2,-0.02332012248065085,-1.0,-0.13371508319710929,0.0024338479909414013,1.2169239954707007e-06,0.003117035193671536,0.9974863722593857
2025-08-16,4424.21,-0.004273946705077414,-1.0,-0.1349891704344363,0.0012740872373270262,6.370436186635131e-07,0.0005762994765807289,0.9980612231336153
2025-08-17,4472.99,0.011025697243123522,-1.0,-0.13680482851938772,0.0018156580849514048,9.078290424757024e-07,-0.001509276449694675,0.9965548728341863
2025-08-18,4312.56,-0.03586638914909257,-1.0,-0.13267645366680053,0.0041283748525871855,2.0641874262935926e-06,0.004756561130708724,1.0012950470069277
2025-08-19,4074.66,-0.055164449885914735,-1.0,-0.12540902763981793,0.007267426026982604,3.633713013491302e-06,0.006914486307464541,1.0082184878991893
2025-08-20,4334.99,0.06388999327551259,-1.0,-0.12186819367233592,0.0035408339674820044,1.7704169837410023e-06,-0.007787928491208149,1.0003665544119165
2025-08-21,4223.73,-0.025665572469602105,1.0,-0.1276219182298485,0.0057537245575125795,2.87686227875629e-06,0.0032726127287590542,1.0036403667313096
2025-08-22,4830.0,0.14353900462387514,0.0,0.10623452315735162,0.23385644138720013,0.00011692822069360006,0.015131869490004664,1.0188273217755883
2025-08-23,4776.69,-0.011037267080745372,0.0,0.0,0.10623452315735162,5.311726157867581e-05,-5.311726157867581e-05,1.018773204458234
2025-08-24,4779.18,0.0005212814731541116,-1.0,0.0,0.0,0.0,0.0,1.018773204458234
2025-08-25,4377.69,-0.08400813528680662,-1.0,-0.10011365127737096,0.10011365127737096,5.005682563868548e-05,0.008360304334926873,1.0272904584957736
2025-08-26,4600.83,0.050972088019023865,-1.0,-0.09879211683113429,0.0013215344462366718,6.607672231183359e-07,-0.005036301241925383,1.0221167142838332
2025-08-27,4506.04,-0.020602804276619646,-1.0,-0.10033678018018194,0.0015446633490476536,7.723316745238268e-07,0.002066446712123974,1.0242288640074722
2025-08-28,4512.18,0.001362615511624421,-1.0,-0.10055389195812077,0.0002171117779388304,1.085558889694152e-07,-0.0001371248488253109,1.0240884167793325
2025-08-29,4359.78,-0.033775248327859386,-1.0,-0.1024218800241808,0.0018679880660600334,9.339940330300168e-07,0.003458390437989897,1.0276301143675783
2025-08-30,4374.39,0.0033510865227146525,-1.0,-0.10244765351685514,2.5773492674338594e-05,1.2886746337169298e-08,-0.00034332383773041084,1.0272773044529464
2025-08-31,4391.93,0.004009701924154063,1.0,-0.10252985527417058,8.220175731543655e-05,4.110087865771828e-08,-0.00041115525885473714,1.0268549339869184
2025-09-01,4314.38,-0.0176573852497649,1.0,0.11024717018314739,0.21277702545731797,0.00010638851272865898,-0.0020530652693488863,1.0247467337852902
2025-09-02,4325.58,0.002595969756952199,1.0,0.11200840755853222,0.0017612373753848332,8.806186876924166e-07,0.00028988981985863334,1.025043797431348
2025-09-03,4450.0,0.028763772719496483,-1.0,0.112931192751639,0.000922785193106776,4.61392596553388e-07,0.003247865768653239,1.0283730020923956
2025-09-04,4299.15,-0.033898876404494516,-1.0,-0.11215140547075307,0.22508259822239207,0.00011254129911119604,0.0036892653335322124,1.0321669429589555
2025-09-05,4307.02,0.0018305944198273583,-1.0,-0.11216366513478081,1.225966402773615e-05,6.129832013868075e-09,-0.00020533230933512803,1.0319550057369382
2025-09-06,4274.96,-0.007443661742922103,-1.0,-0.11228508972484631,0.00012142459006550532,6.071229503275267e-08,0.0008357515143903816,1.0328174636957657
2025-09-07,4305.19,0.007071411194490507,-1.0,-0.11390432464012538,0.001619234915279072,8.09617457639536e-07,-0.0008062739338187031,1.0319847298963951
2025-09-08,4307.5,0.0005365616848502786,-1.0,-0.11864674614173334,0.00474242150160796,2.37121075080398e-06,-6.603250876261572e-05,1.0319165853556753
2025-09-09,4308.23,0.00016947185142179855,-1.0,-0.12493383063314888,0.006287084491415532,3.143542245707766e-06,-2.4316309828324918e-05,1.031891492952269
2025-09-10,4349.81,0.009651295311531749,-1.0,-0.12613766043791863,0.0012038298047697543,6.019149023848771e-07,-0.0012179937256944526,1.0306346555882555
2025-09-11,4462.85,0.025987341975856504,-1.0,-0.1956259830562832,0.06948832261836457,3.4744161309182284e-05,-0.005118543482355924,1.025359307289204
2025-09-12,4716.93,0.05693222940497655,-1.0,-0.17594593764807112,0.019680045408212082,9.840022704106042e-06,-0.010026834507757793,1.015078199204026
2025-09-13,4666.17,-0.010761236651805395,-1.0,-0.17542495037817601,0.0005209872698951068,2.604936349475534e-07,0.0018875289120158228,1.0169941886529805
2025-09-14,4608.76,-0.012303452295994277,-1.0,-0.2259302072062717,0.050505256828095674,2.5252628414047837e-05,0.0027544688981724183,1.0197954675152472
2025-09-15,4527.02,-0.017735790104062676,-1.0,-0.2524057618942365,0.026475554687964836,1.3237777343982419e-05,0.0044633778366682175,1.0243472000028895
2025-09-16,4504.6,-0.004952485299380194,-1.0,-0.2583993700529774,0.005993608158740893,2.9968040793704464e-06,0.0012767222774771028,1.0256550068930044
2025-09-17,4592.34,0.01947786706921817,-1.0,-0.25298394933753804,0.0054154207154393785,2.7077103577196893e-06,-0.004930295446200109,1.0205982246831473
2025-09-18,4589.52,-0.0006140660316962254,-1.0,-0.2741406014503544,0.021156652112816365,1.0578326056408182e-05,0.00015776210520302745,1.0207592364076399
2025-09-19,4471.11,-0.025800083668880536,-1.0,-0.2606559673222258,0.013484634128128614,6.7423170640643075e-06,0.006718203448642352,1.0276169046299073
2025-09-20,4481.59,0.0023439369641991004,-1.0,-0.2607599086394151,0.00010394131718932664,5.1970658594663325e-08,-0.0006112567592997001,1.0269887668509816
2025-09-21,4447.0,-0.007718242855772162,-1.0,-0.2654420804575875,0.004682171818172376,2.341085909086188e-06,0.002046405355203988,1.0290904021632
2025-09-22,4203.07,-0.05485270969192724,1.0,-0.22507691414957878,0.04036516630800871,2.0182583154004355e-05,0.01232589604704767,1.041774863483278
2025-09-23,4165.01,-0.009055285779204114,1.0,0.23515141316173213,0.4602283273113109,0.00023011416365565547,-0.0023594774112188394,1.0393168192253135
2025-09-24,4154.62,-0.002494591849719563,1.0,0.2480297742282835,0.01287836106655138,6.43918053327569e-06,-0.000625172233810935,1.038667067207801
2025-09-25,3872.63,-0.06787383683706327,1.0,0.2047614505922984,0.04326832363598512,2.1634161817992562e-05,-0.013919579449840047,1.0242092584438698
2025-09-26,4035.39,0.0420282856869878,-1.0,0.19015496153564473,0.014606489056653654,7.303244528326827e-06,0.007984583803689927,1.03238714310043
2025-09-27,4019.11,-0.004034306473475913,1.0,-0.19075751579062114,0.3809124773262659,0.00019045623866313294,0.0005791180421551535,1.0329850171214883
2025-09-28,4145.33,0.0314049627902695,-1.0,0.18398383246524647,0.3747413482558676,0.0001873706741279338,0.005590634738454309,1.0387600590425103
2025-09-29,4218.01,0.01753298289882843,-1.0,-0.18205148514598696,0.3660353176112334,0.00018301765880561672,-0.003374923234576524,1.0352543235840976
2025-09-30,4146.97,-0.0168420653341268,-1.0,-0.18138535417140378,0.0006661309745831789,3.330654872915895e-07,0.0030545709201212196,1.0384165813358475
2025-10-01,4350.03,0.04896587146760156,-1.0,-0.17235920017505552,0.009026153996348263,4.513076998174131e-06,-0.008444231519028551,1.0296479513098495
2025-10-02,4487.47,0.031595184401027154,-1.0,-0.18435006490871386,0.011990864733658346,5.995432366829173e-06,-0.005830569727498969,1.023644517134961
2025-10-03,4514.89,0.0061103472558035055,-1.0,-0.18447832046159218,0.00012825555287832024,6.412777643916012e-08,-0.0011272907269641685,1.022490572163087
2025-10-04,4489.0,-0.005734358976630771,-1.0,-0.18508028980603283,0.0006019693444406504,3.0098467222032523e-07,0.0010610158365744287,1.0235754508529002
2025-10-05,4516.68,0.006166184005346409,-1.0,-0.18661504652251734,0.0015347567164845088,7.673783582422544e-07,-0.0011514700933823647,1.0223968343329228
2025-10-06,4688.96,0.0381430608322928,-1.0,-0.17926924097767755,0.007345805544839795,3.672902772419898e-06,-0.006841550466742931,1.0154020547937959
2025-10-07,4450.01,-0.05096012761891755,-1.0,-0.16820129366143746,0.011067947316240084,5.533973658120042e-06,0.00856602541699576,1.0241000146036292
2025-10-08,4526.57,0.01720445572032414,-1.0,-0.16683275932869152,0.0013685343327459465,6.842671663729732e-07,-0.002870951087736341,1.021159873552752
2025-10-09,4370.28,-0.034527246899970665,-1.0,-0.16467057463150092,0.0021621846971905945,1.0810923485952972e-06,0.005684540495113283,1.0269646982059475
2025-10-10,3837.22,-0.12197387810392013,0.0,-0.12661609838386542,0.0380544762476355,1.902723812381775e-05,0.015424829312143742,1.0428054533853715
2025-10-11,3749.47,-0.022868118064640508,0.0,0.0,0.12661609838386542,6.330804919193271e-05,-6.330804919193271e-05,1.0427394354064308
2025-10-12,4156.74,0.10862068505682143,0.0,0.0,0.0,0.0,0.0,1.0427394354064308
2025-10-13,4244.36,0.02107901865404127,-1.0,0.0,0.0,0.0,0.0,1.0427394354064308
2025-10-14,4125.99,-0.02788877475049234,1.0,-0.10972292523177235,0.10972292523177235,5.486146261588617e-05,0.0030051764841381255,1.0458730514367975
2025-10-15,3987.78,-0.033497415165814615,0.0,0.11434734891711862,0.22407027414889097,0.00011203513707444548,-0.00394237575686143,1.0417498268740584
2025-10-16,3895.24,-0.023205894006189,1.0,0.0,0.11434734891711862,5.717367445855931e-05,-5.717367445855931e-05,1.0416902662085894
2025-10-17,3833.11,-0.015950236699150633,1.0,0.11559452613203117,0.11559452613203117,5.779726306601558e-05,-0.001901557315998066,1.0397094324618765
2025-10-18,3889.37,0.014677376855869007,1.0,0.11678402316462426,0.0011894970325930926,5.947485162965463e-07,0.0017134883702154295,1.0414909624828033
2025-10-19,3984.67,0.024502682953794652,-1.0,0.11631964141002586,0.0004643817545983975,2.3219087729919874e-07,0.002849911103891648,1.0444591191413857
2025-10-20,3981.32,-0.0008407220673229965,1.0,-0.11666299285554722,0.23298263426557309,0.00011649131713278655,-1.8410164599182925e-05,1.0444398904770853
2025-10-21,3874.68,-0.026785086353269816,1.0,0.11987084715692078,0.23653384001246802,0.00011826692000623402,-0.003329017912343965,1.0409629313733204
2025-10-22,3805.71,-0.017800179627736945,1.0,0.12193627004330536,0.002065422886384574,1.032711443192287e-06,-0.0021715202213502672,1.0387024593181673
2025-10-23,3858.33,0.013826592147063277,-1.0,0.1215023362136018,0.0004339338297035533,2.1696691485177667e-07,0.001679746280825977,1.0404472159110918
2025-10-24,3935.68,0.020047533518387395,-1.0,-0.1203844433521967,0.24188677956579852,0.00012094338978289926,-0.002534354552978471,1.0378103537723138
2025-10-25,3954.29,0.004728534840230836,-1.0,-0.12043532188148492,5.087852928822856e-05,2.543926464411428e-08,-0.0005695080547756607,1.037219312416511
2025-10-26,4158.73,0.05170081101790713,-1.0,-0.11831586678446442,0.002119455097020509,1.0597275485102545e-06,-0.006118085996591981,1.0308735154658206
2025-10-27,4118.66,-0.00963515303950957,-1.0,-0.12175680800337366,0.003440941218909241,1.7204706094546205e-06,0.0011714250081052342,1.0320811064820306
2025-10-28,3980.25,-0.033605590167675836,-1.0,-0.12109122883030793,0.0006655791730657279,3.3278958653286396e-07,0.004069009419385048,1.0362806542258753
2025-10-29,3902.54,-0.019523899252559485,-1.0,-0.12217402058000004,0.0010827917496921136,5.413958748460568e-07,0.0023847718732092037,1.0387519471828242
2025-10-30,3802.67,-0.025591025332219464,-1.0,-0.1546743684177597,0.03250034783775965,1.6250173918879825e-05,0.003942025506505055,1.0428467338535505
2025-10-31,3846.73,0.011586595734049965,-1.0,-0.15623704384678969,0.0015626754290299916,7.813377145149958e-07,-0.0018110368034503057,1.0409581000381838
2025-11-01,3872.37,0.006665401522851777,-1.0,-0.2282175663364891,0.07198052248969941,3.5990261244849707e-05,-0.0015571519754456105,1.0393371700763532
2025-11-02,3907.44,0.009056469293998282,-1.0,-0.23325179551399094,0.005034229177501848,2.517114588750924e-06,-0.002114954838431176,1.037139018899739
2025-11-03,3601.99,-0.07817138586900896,0.0,-0.19177997090720433,0.04147182460678661,2.0735912303393306e-05,0.01497097019543099,1.0526659962402054
2025-11-04,3288.88,-0.0869269487144605,0.0,0.0,0.19177997090720433,9.588998545360217e-05,-9.588998545360217e-05,1.0525650561131383
2025-11-05,3424.01,0.041086935370095556,0.0,0.0,0.0,0.0,0.0,1.0525650561131383
2025-11-06,3313.54,-0.032263340352393866,1.0,0.0,0.0,0.0,-0.0,1.0525650561131383
2025-11-07,3433.9,0.03632369007164549,-1.0,0.14928644325661458,0.14928644325661458,7.46432216283073e-05,0.005347991275123251,1.058194164849731
2025-11-08,3400.21,-0.009811002067619978,1.0,-0.15225042600278554,0.30153686925940015,0.00015076843462970009,0.0013429608096796513,1.0596152781421557
2025-11-09,3584.2,0.05411136370988845,-1.0,0.1418700356768451,0.2941204616796307,0.00014706023083981535,0.007529720869204801,1.067593885415311
2025-11-10,3565.64,-0.005178282461916206,-1.0,-0.1432405577125913,0.28511059338943645,0.00014255529669471824,0.0005991847711434896,1.0682335714132178
2025-11-11,3414.42,-0.04241033867692756,0.0,-0.13991786264375064,0.00332269506884067,1.661347534420335e-06,0.005932302594138876,1.0745706562000588
2025-11-12,3413.51,-0.0002665167144053626,1.0,0.0,0.13991786264375064,6.995893132187532e-05,-6.995893132187532e-05,1.074495480385321
2025-11-13,3230.34,-0.05366030859730897,1.0,0.13729874278190532,0.13729874278190532,6.864937139095266e-05,-0.0074361422790905395,1.0665053791149361
2025-11-14,3109.23,-0.037491409572986134,1.0,0.1360691050113751,0.0012296377705302286,6.148188852651144e-07,-0.005102037365096389,1.0610640288206155
2025-11-15,3167.37,0.018699163458476775,1.0,0.14387309535406126,0.007803990342686168,3.901995171343084e-06,0.002686404532131264,1.0639144760365207
2025-11-16,3093.51,-0.02331903124674406,1.0,0.14362891748201687,0.00024417787204439323,1.220889360221966e-07,-0.0033494093036351975,1.0603509909922118
2025-11-17,3025.5,-0.021984735785564036,1.0,0.14455406389340453,0.0009251464113876617,4.6257320569383086e-07,-0.0031784454746317348,1.0569807231833712
2025-11-18,3122.0,0.031895554453809316,1.0,0.13973497037932264,0.004819093514081885,2.4095467570409423e-06,0.004454514810078076,1.0616890594687587
2025-11-19,3022.4,-0.031902626521460586,1.0,0.13916508530639313,0.0005698850729295157,2.8494253646475787e-07,-0.004440016683893527,1.0569751423316103
2025-11-20,2830.0,-0.06365802011646382,1.0,0.1344276852290423,0.004737400077350823,2.3687000386754116e-06,-0.008559768990558717,1.0479276792844887
2025-11-21,2765.39,-0.022830388692579584,1.0,0.13536984779722136,0.0009421625681790557,4.710812840895279e-07,-0.0030910173237499914,1.0446885166737834
2025-11-22,2767.09,0.0006147415011987789,1.0,0.13618060954057407,0.0008107617433527059,4.05380871676353e-07,8.33104914714609e-05,1.044775550187542
2025-11-23,2801.0,0.012254751381415074,1.0,0.14481502950363187,0.008634419963057804,4.317209981528902e-06,0.0017703549728777686,1.0466251737783576
2025-11-24,2951.88,0.05386647625847907,1.0,0.15169993726308953,0.006884907759457659,3.4424538797288297e-06,0.008168098615115247,1.0551741114108413
2025-11-25,2959.04,0.0024255728552651235,1.0,0.15898564630392703,0.007285709040837501,3.6428545204187507e-06,0.00038198841353116855,1.0555771756956582
2025-11-26,3026.95,0.022950010814318134,1.0,0.15870549668478628,0.000280149619140746,1.40074809570373e-07,0.0036421527903980054,1.0594217490515987
2025-11-27,3014.85,-0.0039974231487139855,0.0,0.16532952106895069,0.006624024384164401,3.3120121920822003e-06,-0.0006642040668789022,1.0587180768173385
2025-11-28,3032.32,0.005794649816740494,-1.0,0.0,0.16532952106895069,8.266476053447534e-05,-8.266476053447534e-05,1.058630558141045
2025-11-29,2990.01,-0.013953012874630577,1.0,-0.18235744814163676,0.18235744814163676,9.117872407081839e-05,0.002453257097634217,1.0612276510715768
2025-11-30,2991.95,0.0006488272614471047,-1.0,0.18195828044968296,0.3643157285913197,0.00018215786429565987,-6.409837149386784e-05,1.0611596281073588
2025-12-01,2799.79,-0.06422567222045816,1.0,-0.1721308075298018,0.3540890879794848,0.0001770445439897424,0.010878172279462082,1.0727031053579204
2025-12-02,2997.97,0.07078388021958792,-1.0,0.14924282584616508,0.3213736333759669,0.00016068681668798346,0.010403299491639787,1.0838627570285708
2025-12-03,3189.39,0.06384987174654855,-1.0,-0.14382915579842928,0.29307198164459436,0.0001465359908222972,-0.009330009141966356,1.0737503075968573
2025-12-04,3133.94,-0.017385769692637054,-1.0,-0.1469894825110491,0.0031603267126198153,1.5801633563099077e-06,0.0025539451268206917,1.0764926069623664
2025-12-05,3023.8,-0.035144259302985925,-1.0,-0.14457873233109533,0.0024107501799537634,1.2053750899768817e-06,0.005079907083651032,1.0819610893819727
2025-12-06,3040.62,0.005562537204841567,-1.0,-0.14586216025543075,0.0012834279243354174,6.417139621677087e-07,-0.0008120054071615641,1.0810825311270562
2025-12-07,3060.35,0.006488808203590102,-1.0,-0.14721192170969083,0.0013497614542600789,6.748807271300394e-07,-0.0009559048059832356,1.0800491191398873
2025-12-08,3124.35,0.02091264071102983,-1.0,-0.14887210625611755,0.0016601845464267184,8.300922732133593e-07,-0.0031141389623016553,1.0766856960967743
2025-12-09,3318.37,0.06209931665786472,-1.0,-0.14245195029147814,0.006420155964639407,3.2100779823197036e-06,-0.008849378847663226,1.067157696472154
2025-12-10,3324.64,0.0018894818841781458,0.0,-0.15772296182461543,0.015271011533137285,7.635505766568643e-06,-0.00030565018485310074,1.06683151952496
2025-12-11,3236.85,-0.026405866499831565,-1.0,0.0,0.15772296182461543,7.886148091230771e-05,-7.886148091230771e-05,1.0667473876114464
2025-12-12,3085.09,-0.04688508889815712,-1.0,-0.14758063081591907,0.14758063081591907,7.379031540795954e-05,0.0068455406800425125,1.0740498502486695
2025-12-13,3115.15,0.009743637948973927,-1.0,-0.14765427765495026,7.36468390311884e-05,3.6823419515594205e-08,-0.0014387266465066219,1.0725045861094404
2025-12-14,3062.77,-0.016814599617995918,-1.0,-0.15401019053982146,0.0063559128848711954,3.1779564424355978e-06,0.0025864417345759245,1.075278556731478
2025-12-15,2964.51,-0.0320820694991788,1.0,-0.15036699248662885,0.0036431980531926034,1.8215990265963018e-06,0.004822262704311927,1.0804638324123506
2025-12-16,2961.9,-0.0008804153131546366,1.0,0.15201450616603038,0.30238149865265923,0.00015119074932632963,-0.00028502664837654274,1.080155871427506
2025-12-17,2833.01,-0.04351598636010667,-1.0,0.14665802076078657,0.005356485405243805,2.6782427026219023e-06,-0.006384646673729252,1.0732594578358872
2025-12-18,2826.65,-0.00224496207214242,1.0,-0.1468649265233099,0.29352294728409645,0.00014676147364204822,0.00018294471613076587,1.0734558049827356
2025-12-19,2977.94,0.05352272124246005,1.0,0.13929383865180395,0.28615876517511385,0.00014307938258755693,0.007312305914365153,1.0813052422143206
2025-12-20,2977.08,-0.0002887902375467988,1.0,0.13929248362193597,1.3550298679776418e-06,6.77514933988821e-10,-4.0226986948596454e-05,1.0812617445624546
2025-12-21,3001.35,0.008152283445523878,1.0,0.15158477582792923,0.01229229220599326,6.14614610299663e-06,0.0012296159124724787,1.0825912812091163
2025-12-22,3007.03,0.0018924817165608676,1.0,0.169140548279648,0.01755577245171877,8.777886225859385e-06,0.0003113175089224552,1.0829283108299634
2025-12-23,2963.44,-0.014496030967433016,1.0,0.19069052279068116,0.02154997451103316,1.077498725551658e-05,-0.002775030710825222,1.0799231515097882
2025-12-24,2945.49,-0.0060571497988825,1.0,0.1919543404322963,0.0012638176416151503,6.319088208075751e-07,-0.001163328103364914,1.0786668465581624
2025-12-25,2902.89,-0.014462788873837562,1.0,0.1982995277682823,0.006345187335985991,3.1725936679929957e-06,-0.002871136797562349,1.0755698464826986
2025-12-26,2925.71,0.007861131493098306,1.0,0.19802645901062682,0.00027306875765548133,1.3653437882774068e-07,0.0015565754990163514,1.0772440521532143
2025-12-27,2947.1,0.0073110458657899,1.0,0.1979277688750542,9.869013557262107e-05,4.934506778631054e-08,0.0014470096512911976,1.0788028346934762
2025-12-28,2948.59,0.0005055817583388134,1.0,0.20172590257382325,0.0037981336987690517,1.899066849384526e-06,0.00010008986967637319,1.078910811928607
2025-12-29,2934.84,-0.004663245822579598,1.0,0.245965532832799,0.04423963025897576,2.211981512948788e-05,-0.0011691175586106028,1.0776494383542066
2025-12-30,2970.49,0.012147169862752216,1.0,0.24250645068907042,0.003459082143728587,1.7295410718642935e-06,0.0029440375082614187,1.0808220787214782
2025-12-31,2967.13,-0.0011311265144806626,1.0,0.24867864634442274,0.006172195655352319,3.08609782767616e-06,-0.0002843731082930124,1.0805147219874405
2026-01-01,2999.8,0.011010639911294806,1.0,0.2780148822003649,0.029336235855942167,1.4668117927971083e-05,0.0030464536399612907,1.0838064599952708
2026-01-02,3124.04,0.04141609440629357,1.0,0.2503810078404256,0.027633874359939303,1.3816937179969652e-05,0.010355986521082028,1.0950303450864436
2026-01-03,3125.5,0.0004673435679440896,1.0,0.25495049352406596,0.004569485683640351,2.2847428418201754e-06,0.0001168647304508233,1.0951583155125575
2026-01-04,3143.42,0.005733482642777288,1.0,0.27459131022596023,0.01964081670189427,9.820408350947136e-06,0.0015645441026870695,1.0968717389966014
2026-01-05,3224.67,0.02584764364927361,-1.0,0.2661873396396107,0.008403970586349507,4.2019852931747536e-06,0.006876113513659647,1.1044139535838673
2026-01-06,3295.29,0.021899915340174214,1.0,-0.3151098405366371,0.5812971801762479,0.00029064859008812394,-0.0071915274206962735,1.0964715303528694
2026-01-07,3166.37,-0.039122505151291675,1.0,0.26940497524545287,0.58451481578209,0.000292257407891045,-0.010832054939714881,1.084594490496254
2026-01-08,3103.77,-0.019770273215069634,1.0,0.3110105133507391,0.04160553810528622,2.080276905264311e-05,-0.006169565590755817,1.077903013647765
2026-01-09,3084.39,-0.006244019369991971,1.0,0.30927873349664103,0.001731779854098059,8.658899270490295e-07,-0.0019320082926066603,1.0758204960867719
2026-01-10,3081.4,-0.0009693975145814715,1.0,0.31022297193613557,0.000944238439494538,4.7211921974726903e-07,-0.00030120149718071464,1.0754964573426529
2026-01-11,3118.03,0.011887453754786836,1.0,0.30743351076880504,0.0027894611673305314,1.3947305836652657e-06,0.0036532069113522653,1.0794254684337519
2026-01-12,3091.93,-0.00837066994223934,0.0,0.31193960266330667,0.004506091894501629,2.2530459472508147e-06,-0.0026133965017550746,1.0766045016906418
2026-01-13,3323.63,0.07493701345114556,-1.0,0.0,0.31193960266330667,0.00015596980133165335,-0.00015596980133165335,1.0764365839004002
2026-01-14,3354.58,0.00931210754506373,1.0,-0.233227975875191,0.233227975875191,0.0001166139879375955,-0.0022884579818049037,1.0739732040080665
2026-01-15,3317.62,-0.011017772716703789,-1.0,0.22954592787093933,0.46277390374613037,0.0002313869518730652,-0.0027604718131999566,1.0710085312502702
2026-01-16,3295.01,-0.006815126506350855,1.0,-0.2277065469612681,0.45725247483220743,0.00022862623741610373,0.0013232226864492603,1.0724257140362012
2026-01-17,3308.93,0.004224569879909268,-1.0,0.22799464220242807,0.4557011891636962,0.0002278505945818481,0.00073532870364722,1.0732142994462612
